,Original,Summary,Sentiment
0,"Toko nya bagus-bagus, rekomendasinya ok-2ğŸ‘ğŸ»","Toko nya bagus-bagus, rekomendasinya ok-2ğŸ‘ğŸ»",1
1,"belanja online , tokopedia aja, ga ada barang yang dijual disini. semua nya ada thx tokopedia",semua nya ada thx tokopedia,1
2,Transaksi mudah. Free ongkir selalu ada.,Free ongkir selalu ada.,1
3,Masa simpan history kartu kredit harus bayar 10rb,Masa simpan history kartu kredit harus bayar 10rb,-1
4,"jumlah item harga tertinggi dan terendah nggak sama, dan kupon cashback dan free ongkir makin pelit, bagusan shoope dari Tokopedia sekarang ğŸ‘","jumlah item harga tertinggi dan terendah nggak sama, dan kupon cashback dan free ongkir makin pelit, bagusan shoope dari Tokopedia sekarang ğŸ‘",-1
5,Selalu memudahkan ğŸ«°ğŸ»ğŸ«°ğŸ»,Selalu memudahkan ğŸ«°ğŸ»ğŸ«°ğŸ»,1
6,pakai tokped buat belaja mulai dr yg high end sampe perintilan. emang kadang sebel CS gak ada nomor tlpnya. tp semenjak sama Jack Ma kayaknya respon CSnyabmakin cepet nih. keep up,emang kadang sebel CS gak ada nomor tlpnya.,1
7,Udh terbantu bgttttt sm aplikasi ini buat org yg super mager ky gue hahaha...thx tokopedia,Udh terbantu bgttttt sm aplikasi ini buat org yg super mager ky gue hahaha...thx tokopedia,1
8,"Memudahkan untuk belanja online, mantap","Memudahkan untuk belanja online, mantap",1
9,"Namanya juga system suka ada saja error nya dan d benerkan jangan kasi masukan terus tp sering errornya d banding toko sebelah
Dan untuk komplain toko karna penipuan jangan terlalu susah, karna sy baru transaksi dengan TOKO penipu, semoga tidak ada lg yg kena tipu, belum d report tokonya karna ribed pilihannya.","Namanya juga system suka ada saja error nya dan d benerkan jangan kasi masukan terus tp sering errornya d banding toko sebelah
Dan untuk komplain toko karna penipuan jangan terlalu susah, karna sy baru transaksi dengan TOKO penipu, semoga tidak ada lg yg kena tipu, belum d report tokonya karna ribed pilihannya.",-1
10,"Saat tanggal tua & ada kebutuhan untuk bayar tagihan pasca bayar terselamatkan dengan adanya promo diskon bayar tagihan,,, Lumayan dapat potongan 8k,,, Jadi tinggal bayar sisanya ğŸ˜ğŸ¤­,,,, Go coins juga bisa dipake lhooo,,, pernah bayar tagihan PDAM 93k dg GoCoins,,,tidak keluar duit sama sekaliii ğŸ˜Š Makasih banyak Tokped ğŸ‘ğŸ»ğŸ‘ŒğŸ»ğŸ˜˜","Saat tanggal tua & ada kebutuhan untuk bayar tagihan pasca bayar terselamatkan dengan adanya promo diskon bayar tagihan,,, Lumayan dapat potongan 8k,,, Jadi tinggal bayar sisanya ğŸ˜ğŸ¤­,,,, Go coins juga bisa dipake lhooo,,, pernah bayar tagihan PDAM 93k dg GoCoins,,,tidak keluar duit sama sekaliii ğŸ˜Š Makasih banyak Tokped ğŸ‘ğŸ»ğŸ‘ŒğŸ»ğŸ˜˜",1
11,mantaf.. tapi bisa lebih besar nggak limitnyaâœŒï¸ğŸ˜…,mantaf.. tapi bisa lebih besar nggak limitnyaâœŒï¸ğŸ˜…,1
12,Aplikasi mudah penggunaannya,Aplikasi mudah penggunaannya,1
13,Aku cinta marketplace Indonesia!,Aku cinta marketplace Indonesia!,1
14,Selalu ada voucher sangat mantaaap,Selalu ada voucher sangat mantaaap,1
15,"Harusnya 5, karena ada biaya layanan seribu rupiah dan duaribu rupiah jadi 3 cukup yah. Bagusnya sperti dulu gada penambahan biaya. Makin kesini makin ke aplikasi orange",Bagusnya sperti dulu gada penambahan biaya.,-1
16,Barang2nya lengkap dan memudahkan penjual dan pembeli langsung berinteraksi.,Barang2nya lengkap dan memudahkan penjual dan pembeli langsung berinteraksi.,1
17,Lancar aplikasinya,Lancar aplikasinya,1
18,Akhir2 ini kalau masuk kok selalu tidak ada internet,Akhir2 ini kalau masuk kok selalu tidak ada internet,-1
19,Cashback promo dan bebas ongkir. Harga baik dibandingkan yg lain. Searching produk terasa tdk dibatasi utk mengambil pembanding harga.,Harga baik dibandingkan yg lain.,1
20,Banyak metode bayarnya.,Banyak metode bayarnya.,1
21,"Dear Tokopedia Pas selesai di update malah ga bisa kebuka Memory nya udah di kosongin, di uninstall, terus di reinstall tetap ga bisa kebuka Tolong bantuannya","Dear Tokopedia Pas selesai di update malah ga bisa kebuka Memory nya udah di kosongin, di uninstall, terus di reinstall tetap ga bisa kebuka Tolong bantuannya",-1
22,Terima kasih telah memudahkan,Terima kasih telah memudahkan,1
23,"Browsing produk-produk di App rasanya slow sekali, padahal ini iPad Mini 5, masih belum bisa dibilang terlalu tua lah hardwarenya. Please update and make it better!

Saya sudah matikan fitur-fitur semacam shake-shake & otomatis video berjalan, namun tetap sama.","Saya sudah matikan fitur-fitur semacam shake-shake & otomatis video berjalan, namun tetap sama.",-1
24,Makin banyak free kngkir nya sy makin betah. Terutama pelayanan cs nya,Terutama pelayanan cs nya,1
25,Banyak Cashbacknya,Banyak Cashbacknya,1
26,Banget,Banget,1
27,"Aplikasinya mantap dan tanpa ada kendala, mudah2an barang yg dipesan jg cepat","Aplikasinya mantap dan tanpa ada kendala, mudah2an barang yg dipesan jg cepat",1
28,Secara umum sudah baik namun pada ios kadang button cartnya susah diklik,Secara umum sudah baik namun pada ios kadang button cartnya susah diklik,-1
29,Tokped tidak ramah bagi pembeli. Regulasi untuk pengembalian ramah menyulitkan pembeli. Komplain barang jg tidak digubris.,Regulasi untuk pengembalian ramah menyulitkan pembeli.,-1
30,Ramein guys. Aplikasi karya anak bangsa. Jangan mau dijajah sama orang luar cuma diiming-imingi promo.,Aplikasi karya anak bangsa.,1
31,Pokonya bintang lah yg berbicara,Pokonya bintang lah yg berbicara,0
32,Memudahkan setiap transaksi,Memudahkan setiap transaksi,1
33,UwU nih bagus banget,UwU nih bagus banget,1
34,"Aplikasi yang sangat membantu dan mencerminkan kemajuan teknologi yang sangat baik untuk membantu memudahkan aktivitas masyarakat masyarakat generasi millenial yang ingin semuanya serba instant, mantabb","Aplikasi yang sangat membantu dan mencerminkan kemajuan teknologi yang sangat baik untuk membantu memudahkan aktivitas masyarakat masyarakat generasi millenial yang ingin semuanya serba instant, mantabb",1
35,Mudah diakses,Mudah diakses,1
36,banyak cashback,banyak cashback,1
37,Lancar dan praktis aplikasi nya,Lancar dan praktis aplikasi nya,1
38,Murah dan Meriah,Murah dan Meriah,1
39,"Mantab sangat membantu, online shop selalu paling di pakai diantara aplikasi yg lain","Mantab sangat membantu, online shop selalu paling di pakai diantara aplikasi yg lain",1
40,Isi emoney 100k pembayaran berhasil tapi gak terupdate,Isi emoney 100k pembayaran berhasil tapi gak terupdate,-1
41,Banyak diskonnya dongg buat belanja elektronik membantu sekali udah beberapa kali beli barang pake diskon atau Cashback di tokped ğŸ˜ğŸ‘ŒğŸ»,Banyak diskonnya dongg buat belanja elektronik membantu sekali udah beberapa kali beli barang pake diskon atau Cashback di tokped ğŸ˜ğŸ‘ŒğŸ»,1
42,Alhamdulillah mantap,Alhamdulillah mantap,1
43,"Aplikasi andalan utk bayar tagihan, pulsa & beli barang impian","Aplikasi andalan utk bayar tagihan, pulsa & beli barang impian",1
44,Sip. Semua barang ada.,Semua barang ada.,1
45,Mudah transaksi ap pun yg kami butuh kanâ€¦ ğŸ™ğŸ»ğŸ™ğŸ»ğŸ™ğŸ»,Mudah transaksi ap pun yg kami butuh kanâ€¦ ğŸ™ğŸ»ğŸ™ğŸ»ğŸ™ğŸ»,1
46,Aplikasi di Hp lumayan bagus. Tapi di computer Tokped susah sekali. Sering error di Apple,Sering error di Apple,-1
47,Sll Puas bgt,Sll Puas bgt,1
48,Bawang diterima sesuai denganpermintaan ...terimakasih.,Bawang diterima sesuai denganpermintaan ...terimakasih.,1
49,Tolong di perbanyak merchant yg kualitas bagus,Tolong di perbanyak merchant yg kualitas bagus,1
50,mantul,mantul,1
51,"dah sedikit paham cara pakainya, cuma perlu sering dilatih","dah sedikit paham cara pakainya, cuma perlu sering dilatih",1
52,"Selalu Banyak-Banyak Promo nya biar yg lain bengong.hehehehehehe
Salam Sukses Selalu TOPED","Selalu Banyak-Banyak Promo nya biar yg lain bengong.hehehehehehe
Salam Sukses Selalu TOPED",1
53,Sering-sering kasi kupon untuk top up dan tagihan yah,Sering-sering kasi kupon untuk top up dan tagihan yah,1
54,Sangat membantu saat waktu terdesak,Sangat membantu saat waktu terdesak,1
55,Biaya Rp 500 per transaksi saja lebih dari cukup,Biaya Rp 500 per transaksi saja lebih dari cukup,1
56,Belum pernah mengecewakan,Belum pernah mengecewakan,1
57,Brand online shop ter baik dan ter banyak hadiah cash back,Brand online shop ter baik dan ter banyak hadiah cash back,1
58,Mudah! Tdk perlu ke ATM,Tdk perlu ke ATM,1
59,Puas banget,Puas banget,1
60,Sampai saat ini good,Sampai saat ini good,1
61,banyak diskon & bebas ongkir tambah konek dgn gopay/pay later makin mantab,banyak diskon & bebas ongkir tambah konek dgn gopay/pay later makin mantab,1
62,Puas,Puas,1
63,Sampai sejauh ini nyamanlah pake TopedğŸ‘ Hampir ga ada masalah! TQ,TQ,1
64,Lumayan puas dgn tokped tp semakin kesini banyak biaya tambahan,Lumayan puas dgn tokped tp semakin kesini banyak biaya tambahan,1
65,"Barang yg dijual bagus,dan terpecaya","Barang yg dijual bagus,dan terpecaya",1
66,Sesuai dengan harga sip barangnya,Sesuai dengan harga sip barangnya,1
67,Barang bagus dan cepat sampai,Barang bagus dan cepat sampai,1
68,Paling nyaman belanja di tokopedia bisa dapet gratis ongkir dan sekarang pilihnya salah satu aja cashback atau gratis ongkir,Paling nyaman belanja di tokopedia bisa dapet gratis ongkir dan sekarang pilihnya salah satu aja cashback atau gratis ongkir,1
69,Segalanya ada di.... toko pe dia *bacanya jangan sambil nyanyi ya*,Segalanya ada di.... toko pe dia *bacanya jangan sambil nyanyi ya*,1
70,Masih ada sisa 4 gratis ongkir tp stiap check out ga bs dgunakan dgn alasan kendala pd gratis ongkir.,Masih ada sisa 4 gratis ongkir tp stiap check out ga bs dgunakan dgn alasan kendala pd gratis ongkir.,-1
71,Mudah bertransaksi dan aman.. banyak promonya..,Mudah bertransaksi dan aman.. banyak promonya..,1
72,Mantab,Mantab,1
73,Pembayar bagus lancar,Pembayar bagus lancar,1
74,Mantaps,Mantaps,1
75,Mantap cepat,Mantap cepat,1
76,mantap bnyk cashback,mantap bnyk cashback,1
77,Semua ada di jempol anda,Semua ada di jempol anda,1
78,Tokopedia membantu usaha online sayağŸ™ semoga semakin mempermudah para pelaku UMKM seperti sayağŸ˜,Tokopedia membantu usaha online sayağŸ™ semoga semakin mempermudah para pelaku UMKM seperti sayağŸ˜,1
79,Murah apik,Murah apik,1
80,Simpel dan cepat ğŸ‘ Cuma saat memasukan alamat baru agak repot karena ada fitur lokasi sekarang agak susah input alamat secara manual dan lokasi yg terintegrasi dengan pin di google map (Jika pake aplikasi),Simpel dan cepat ğŸ‘ Cuma saat memasukan alamat baru agak repot karena ada fitur lokasi sekarang agak susah input alamat secara manual dan lokasi yg terintegrasi dengan pin di google map (Jika pake aplikasi),0
81,Kalau barang yang sudah terjual atau barang yang tidak stocknya bisa dihapus dari search,Kalau barang yang sudah terjual atau barang yang tidak stocknya bisa dihapus dari search,1
82,Bagus sejauh ini belum ada kendala pakai tokopedia,Bagus sejauh ini belum ada kendala pakai tokopedia,1
83,Aplikasi ini sangat membantu untuk langsung komunikasi ke penjual nya...,Aplikasi ini sangat membantu untuk langsung komunikasi ke penjual nya...,1
84,Selalu belanja dan banyak puasnya,Selalu belanja dan banyak puasnya,1
85,Banyak promo yang menarik,Banyak promo yang menarik,1
86,Ganti pengirim,Ganti pengirim,0
87,Mudah prosesnya dan tokonya bisa dipercaya,Mudah prosesnya dan tokonya bisa dipercaya,1
88,Smoga tetap jaya selamanya,Smoga tetap jaya selamanya,1
89,"Terpercaya, mudah, cepat dan gampang.","Terpercaya, mudah, cepat dan gampang.",1
90,"walau tidak ada promo yang cendrung menipu, tokopedia memberikan harga pasti tanpa menipu seperti aplikasi yang lain. aplikasi lain sering adakan diskon, tidak tahunya harga setelah diskon sama saja dengan harga di tokopedia tanpa diskon. semoga tokopedia makin jaya.","aplikasi lain sering adakan diskon, tidak tahunya harga setelah diskon sama saja dengan harga di tokopedia tanpa diskon.",1
91,Luar biasa murah,Luar biasa murah,1
92,"semua terasa mudah ,yg jauh terasa dekat","semua terasa mudah ,yg jauh terasa dekat",1
93,Artinya bagus,Artinya bagus,1
94,Aplikasi bagus,Aplikasi bagus,1
95,Bayar toped pakai gopay gak pakai ribet,Bayar toped pakai gopay gak pakai ribet,1
96,ğŸ‘ŒğŸ‘ğŸ‘ğŸ‘ Gratis ongkirnya ditambah dong,ğŸ‘ŒğŸ‘ğŸ‘ğŸ‘ Gratis ongkirnya ditambah dong,1
97,Barang sesuai deskripsi dan pengirimannya cepat,Barang sesuai deskripsi dan pengirimannya cepat,1
98,Belanja online terpecaya ya Tokopedia,Belanja online terpecaya ya Tokopedia,1
99,Algoritma pencarian produk perlu diimprove lagi,Algoritma pencarian produk perlu diimprove lagi,-1
100,kembali,kembali,0
101,sudah beli beberapa kali dan selalu memuaskan trusted!,sudah beli beberapa kali dan selalu memuaskan trusted!,1
102,Semoga barang yg dikirim kualitas bagus (original philips) dan dibungkus tebal agar tidak cacat,Semoga barang yg dikirim kualitas bagus (original philips) dan dibungkus tebal agar tidak cacat,1
103,Muantab..ğŸ‘,Muantab..ğŸ‘,1
104,"Selain buat belanja, transaksi di tokped jg biasa aku gunain untuk bayar Cicilan. Fiturnya mudah, promonya juga jelas banget, entah itu Gratis ongkir ataupun cashback semuanya Real sesuai deskripsi. Gacuma heboh di iklan tapi ternyata waktu dipake banyak syaratnya, pokonya transaksi di tokped nyaman dan fun bgt!!â­ï¸â­ï¸â­ï¸â­ï¸â­ï¸","Fiturnya mudah, promonya juga jelas banget, entah itu Gratis ongkir ataupun cashback semuanya Real sesuai deskripsi.",1
105,Mudah & nyaman,Mudah & nyaman,1
106,Suka banget transaksi di tokped,Suka banget transaksi di tokped,1
107,Mantabbbb,Mantabbbb,1
108,Gak ada yang lebih bagus dari Tokopedia pokoknya ! ğŸ™Œ,ğŸ™Œ,1
109,Ok lah,Ok lah,1
110,Aplikasi sangat berguna buat mencari barang kesayangan,Aplikasi sangat berguna buat mencari barang kesayangan,1
111,Aplikasinya bagus. Bikin belanja cukup dari gadget saja,Bikin belanja cukup dari gadget saja,1
112,Kentul keren betul,Kentul keren betul,1
113,Mantap. Pembeli jelas belajar dari pengalaman pembelibsebelumnua.tranksaksi aman,Pembeli jelas belajar dari pengalaman pembelibsebelumnua.tranksaksi aman,1
114,ngga perlu pakai waktu lama untuk bertransaksi..,ngga perlu pakai waktu lama untuk bertransaksi..,1
115,Udah gitu aja,Udah gitu aja,0
116,PuasğŸ™Œ,PuasğŸ™Œ,1
117,Mudah sekali penggunaan aplikasinya,Mudah sekali penggunaan aplikasinya,1
118,pencarian barangnya banyak pilihan,pencarian barangnya banyak pilihan,1
119,"Beberap Seller sering batal jual karena barang tidak ada, padahal chat sebelum beli bilangnya teraedia","Beberap Seller sering batal jual karena barang tidak ada, padahal chat sebelum beli bilangnya teraedia",-1
120,Sangat membantu sekali dan aplikasinya sangat user friendly,Sangat membantu sekali dan aplikasinya sangat user friendly,1
121,Gak ribet penuh dengan segala informasi.,Gak ribet penuh dengan segala informasi.,1
122,"Dalam hitungan 1-3 detik udah nyampe pulsanya, Alhamdulilah tokped luar biasa","Dalam hitungan 1-3 detik udah nyampe pulsanya, Alhamdulilah tokped luar biasa",1
123,"Mau belanja online atau pun bayar tagihan atau cuma buat compare harga, selalu handal, bukan handal jepit ya","Mau belanja online atau pun bayar tagihan atau cuma buat compare harga, selalu handal, bukan handal jepit ya",1
124,Pembayaran pakai OVO rada ribet tapi akhirnya bisa. Krn OVO tidak termasuk pembayaran pilihan.,Krn OVO tidak termasuk pembayaran pilihan.,0
125,suka banyak diskon wkwk,suka banyak diskon wkwk,1
126,"Pembayaran Angsuran Kredit motor lebih mudah, tidak perlu antri2 lg. Trimksh Tokopedia",Trimksh Tokopedia,1
127,Slalu puas belanja di sini,Slalu puas belanja di sini,1
128,Sejauh ini toped adalah online shopping terbaik bagi saya,Sejauh ini toped adalah online shopping terbaik bagi saya,1
129,Mudah pakainya dan bisa mixed pembayaran...ğŸ‘ğŸ¼,Mudah pakainya dan bisa mixed pembayaran...ğŸ‘ğŸ¼,1
130,"Seamless transaction, cepet, reliable. Mohon awasi juga peredaran barang palsu/KW/counterfeit.",Mohon awasi juga peredaran barang palsu/KW/counterfeit.,1
131,Gak perlu pusing nyari2 belanjaan dan keluar rumah..langsung di antar ke depan pintu dalam waktu beberapa jam..transaksi mudah hanya lewat transfer mobile banking..mantap ğŸ‘,Gak perlu pusing nyari2 belanjaan dan keluar rumah..langsung di antar ke depan pintu dalam waktu beberapa jam..transaksi mudah hanya lewat transfer mobile banking..mantap ğŸ‘,1
132,Tolong terapkan KPI untuk personil tokopedia care berbasis time saat menjawab pertanyaan pelanggan agar tidak suka-suka oknum tuk menjawab atau tidak. Sukses terus Tokopedia ğŸ‘ğŸ‘ğŸ™,Sukses terus Tokopedia ğŸ‘ğŸ‘ğŸ™,1
133,luar biasa,luar biasa,1
134,Sangat membantu bisnisku sbg penjual. sangat membantu sbg pembeli dan tolong makin dibanyakin lagi promo ke gopoints nya,sangat membantu sbg pembeli dan tolong makin dibanyakin lagi promo ke gopoints nya,1
135,Bnyak promoâ€¦jrng dipake bonus menumpuk,Bnyak promoâ€¦jrng dipake bonus menumpuk,1
136,Ga ada yg ngalahin deh klo jual beli,Ga ada yg ngalahin deh klo jual beli,1
137,"Harga Produk sangat bersaing (termasuk salah Satu Aplikasi Online yg termurah), Variasi Barang sangat banyak dan Beragam serta Fitur Pencarian sangat mudah, Banyak Program Diskon dan Voucher setiap Bulannya, Fasilitas Pembayaran juga beragam dan bisa memakai Dana yg didapat (Ovocash, Ovopoint, Gopay, Gocoin)..., dan Fasilitas Pengiriman bermacam-macam !... Ada Free Ongkos Kirim juga... Pokoknya merupakan Program Toko Online paling Favorit saat ini !!!... ğŸ‘ğŸ»ğŸ‘ğŸ»ğŸ‘ğŸ»â­ï¸â­ï¸â­ï¸â­ï¸â­ï¸",Ada Free Ongkos Kirim juga... Pokoknya merupakan Program Toko Online paling Favorit saat ini !!!...,1
138,Terbaik,Terbaik,1
139,"Niat hati pengen dapet best price beli HP untuk hafiah natal eh dapet voucher cashback gopay coin 12.12, tapi sayang itu tipu tipu, setelah selesai transaksi berhasil, cashback tidak masuk, penipuan, cs kurang responsif dan ga ada jalan keluar. Saya daftar pake akun saya sendiri sendang saya dituduh akun saya sama dengan kakak saya. Woi beda KTP woiiii. Beda HP pulaa!!!! Beda KSK juga!!!! Beda Rumah Pulaaaaa!!!!",Saya daftar pake akun saya sendiri sendang saya dituduh akun saya sama dengan kakak saya.,-1
140,"Ga jelas, bikin emosi, baru pertama belanja di tokped, dibilang pake promo buat dua akun, dibilang manipulasi, padahal genting bgt pesenannya. Kecewa polll ga akan lagi lagi pesen di tokped udh bener di oren aja. Malem malem bikin darting, mana csnya lemot, udh chat jauh katanya mau dicek malah ngulang lagi ke format awal wes mboh","Malem malem bikin darting, mana csnya lemot, udh chat jauh katanya mau dicek malah ngulang lagi ke format awal wes mboh",-1
141,"Mudah cepet.,,membantu penghasilan tambahan","Mudah cepet.,,membantu penghasilan tambahan",1
142,Ok Mantab,Ok Mantab,1
143,Mantap. Customer service selalu memberi yg terbaik dibanding online yg lain,Customer service selalu memberi yg terbaik dibanding online yg lain,1
144,Nu sae na ti pusat,Nu sae na ti pusat,-1
145,Sangat membantu,Sangat membantu,1
146,banyak cashbacknya,banyak cashbacknya,1
147,"Lancar, sukses, dan selalu aman","Lancar, sukses, dan selalu aman",1
148,Hebat,Hebat,1
149,Puas banget dengan layanan tokopedia,Puas banget dengan layanan tokopedia,1
150,"Pajaknya naek terus, turunin pajaknya donk buat seller ama pembeli.. biar lebih nyaman..","Pajaknya naek terus, turunin pajaknya donk buat seller ama pembeli.. biar lebih nyaman..",-1
151,Murah dan flexibel,Murah dan flexibel,1
152,Tokopedia makin Mantap,Tokopedia makin Mantap,1
153,mantap banyak promo,mantap banyak promo,1
154,Praktis namun kadangkala utk up date bbrp kali susah,Praktis namun kadangkala utk up date bbrp kali susah,-1
155,Puas sekali dengan layanan klaim garansiâ€¦musah dan cepat.,Puas sekali dengan layanan klaim garansiâ€¦musah dan cepat.,1
156,terus ditingkatkan ok brother,terus ditingkatkan ok brother,1
157,Alhamdulillah nambah penghasilan terimakasih tokopedia,Alhamdulillah nambah penghasilan terimakasih tokopedia,1
158,Selalu jadi aplikasi utama,Selalu jadi aplikasi utama,1
159,Indonesia mesti harus lebih maju terus,Indonesia mesti harus lebih maju terus,1
160,Pembayaran di tokped super sat set!,Pembayaran di tokped super sat set!,1
161,Makin mahal aja sekarang biaya tambahan nya setelah gabung gojek,Makin mahal aja sekarang biaya tambahan nya setelah gabung gojek,-1
162,Toko Pedia emang top!,Toko Pedia emang top!,1
163,Terima kasih,Terima kasih,1
164,Yuksss belanja di Topedw,Yuksss belanja di Topedw,1
165,Merasa nyaman menggunakan fitur bayar BPJS lwt Tokopedia. Terima kasih.,Terima kasih.,1
166,Tokped ini kenapa diskon ongkirnya jadi pelit begini huhu :(,Tokped ini kenapa diskon ongkirnya jadi pelit begini huhu :(,-1
167,Aplikasi stuck di iPhone 6S plus saat masuk. iOS 13.1.3. Tolong di update. Thanks,iOS 13.1.3.,-1
168,Mudah pemakaian aplikasi,Mudah pemakaian aplikasi,1
169,mantap total,mantap total,1
170,makasih toko pedia,makasih toko pedia,1
171,"Puas pake gopay, mudah dan cepat. Gak pake repot. Pokoknya mantab pake gopay",Pokoknya mantab pake gopay,1
172,Baik sekali,Baik sekali,1
173,Pokoknya tokopedia paling kantep dibandi market place lainnya,Pokoknya tokopedia paling kantep dibandi market place lainnya,1
174,Sudut meja,Sudut meja,0
175,Suka banget belanja ditokopedia Terpercayaaa,Suka banget belanja ditokopedia Terpercayaaa,1
176,Agar semua belanja free ongkir tanpa syarat,Agar semua belanja free ongkir tanpa syarat,-1
177,Rencana mau beli babi ngepet malah beli laptop ya udah deh,Rencana mau beli babi ngepet malah beli laptop ya udah deh,1
178,Tokped adalah online store dengan ui simple dan mudah digunakan.,Tokped adalah online store dengan ui simple dan mudah digunakan.,1
179,mantab,mantab,1
180,Terlalu banyak biaya,Terlalu banyak biaya,-1
181,aplikasi yg simple dan cepat akurat untuk berbelanja,aplikasi yg simple dan cepat akurat untuk berbelanja,1
182,Manteb manteb,Manteb manteb,1
183,"Tokopedia sekarang bukan yang dulu lagi, sejak ada kurir rekomendasi pengiriman semakin lama & ngawur, yang dulu antar jawa 2 hari max 3 hari sekarang sering lebih dari 4 hari, semakin gak masuk akal. Apalagi kurir anteraja yang jelas jelas busuk dari dulu masih dipakai",Apalagi kurir anteraja yang jelas jelas busuk dari dulu masih dipakai,-1
184,Sayang TokPed masih sering lambat loading semoga bisa di perbaiki yan,Sayang TokPed masih sering lambat loading semoga bisa di perbaiki yan,-1
185,Dari semua online marketplace.. tokped yg paling terpercaya..Dari semua paling nyaman dan merasa secure belanja di Tokped..,Dari semua online marketplace.. tokped yg paling terpercaya..Dari semua paling nyaman dan merasa secure belanja di Tokped..,1
186,Mudah mudahan amanah trs,Mudah mudahan amanah trs,1
187,Mantap betul,Mantap betul,1
188,Kl ada masalah Tokped bisa jadi penengah antara seller dan Butet ga kaya toko oren,Kl ada masalah Tokped bisa jadi penengah antara seller dan Butet ga kaya toko oren,1
189,Sangat memudahkan customer untuk memenuhi kebutuhan apapun itu.. Terima kasih!,Sangat memudahkan customer untuk memenuhi kebutuhan apapun itu.. Terima kasih!,1
190,Proses menjadi lebih cepat dan mudah,Proses menjadi lebih cepat dan mudah,1
191,Mantap bro,Mantap bro,1
192,Manteb,Manteb,1
193,lebih simple dalam berbelanja,lebih simple dalam berbelanja,1
194,Bisa dipercaya menjaga pembayaran kita Uang kembali kalau penjual tidak mengirim barangnya.. Terima kasih ya tokopedia Sukses tambah sukses..,Bisa dipercaya menjaga pembayaran kita Uang kembali kalau penjual tidak mengirim barangnya.. Terima kasih ya tokopedia Sukses tambah sukses..,1
195,Tokopedia terbaik di Indonesia! Follow Now Stationery untuk keperluan alat tulis kantor dan kebutuhan sekolah putra putri anda.,Follow Now Stationery untuk keperluan alat tulis kantor dan kebutuhan sekolah putra putri anda.,1
196,"Sangat lemot, isi saldo e tol kadang hang padahal lagi darurat. Lalu chat kalau ga ada sinyal ga kekirim , harusnya otomatis terkirim begitu ada koneksi sinyal, sering hang halaman toped, parah dehhh","Lalu chat kalau ga ada sinyal ga kekirim , harusnya otomatis terkirim begitu ada koneksi sinyal, sering hang halaman toped, parah dehhh",-1
197,Kurang promo,Kurang promo,-1
198,App terbaik,App terbaik,1
199,lapak terpercaya,lapak terpercaya,1
200,Sangat membantu dlm berbagai hal,Sangat membantu dlm berbagai hal,1
201,"Sekarang kalo pakai voucher cashback, hak bisa free ongkir. Sayang sekali",Sayang sekali,-1
202,"Semua transksaksi berjalan lancar, aman dan sangat membantu pengguna","Semua transksaksi berjalan lancar, aman dan sangat membantu pengguna",1
203,Jual beli jd gampang,Jual beli jd gampang,1
204,"Semakin baik, semoga tokped semakin baik untuk customer dan toko","Semakin baik, semoga tokped semakin baik untuk customer dan toko",1
205,Ongkirnya lebih hemat,Ongkirnya lebih hemat,1
206,Pelayanan mudah dan cepat .. Pokok ee Mantap,Pelayanan mudah dan cepat .. Pokok ee Mantap,1
207,"Penggunaan mudah, opsi pembayaran lengkap, transaksi aman. Kurang apalagi coba",Kurang apalagi coba,1
208,Aplikasinya sangat memudahkan.,Aplikasinya sangat memudahkan.,1
209,Aplikasi nya mudah digunakan,Aplikasi nya mudah digunakan,1
210,Sangat mudah benar2 mudah,Sangat mudah benar2 mudah,1
211,Proses Mudah dan cepat,Proses Mudah dan cepat,1
212,sudah ga recomended,sudah ga recomended,-1
213,Selalu beli pulsa dan pembayaran lewat tokped dan selalu dapet cashback. Thanks,Thanks,1
214,"Aplikasi yang sangat membantu sekali.. semakin mudah untuk pengaplikasiannya,, ğŸ‘ğŸ»ğŸ‘ğŸ»ğŸ‘ğŸ»ğŸ‘ğŸ»","Aplikasi yang sangat membantu sekali.. semakin mudah untuk pengaplikasiannya,, ğŸ‘ğŸ»ğŸ‘ğŸ»ğŸ‘ğŸ»ğŸ‘ğŸ»",1
215,"Sangat puas dg layanan tokopedia , sangat membantu buat yg selalu tinggal di rumah","Sangat puas dg layanan tokopedia , sangat membantu buat yg selalu tinggal di rumah",1
216,mantap banget ye kan,mantap banget ye kan,1
217,Titik lokasi (pada menu alamat) meleset dari alamat sebenarnya. Driver yg mengirim menggunakan titik lokasi jadi kebingungan.,Driver yg mengirim menggunakan titik lokasi jadi kebingungan.,-1
218,Semoga Tokped selalu menjaga kualitasnya,Semoga Tokped selalu menjaga kualitasnya,1
219,Sangat membantu dan simple,Sangat membantu dan simple,1
220,Layoutnya jgn berlebihan,Layoutnya jgn berlebihan,-1
221,banyak barang dan lengkap,banyak barang dan lengkap,1
222,"Good, sangat membantu, promonya berkurang skrg, tambahin lg promonya, ngandelin promo kecil kecilan ğŸ˜","Good, sangat membantu, promonya berkurang skrg, tambahin lg promonya, ngandelin promo kecil kecilan ğŸ˜",-1
223,olshop yg saya pakai sejak awal belanja online hingga kini.. tidak pernah mengecewakan,olshop yg saya pakai sejak awal belanja online hingga kini.. tidak pernah mengecewakan,1
224,Membantu bangat buat belanja apa saja. Sangat rekomendasi buat pengguna baru ğŸ‘ğŸ‘ğŸ‘,Sangat rekomendasi buat pengguna baru ğŸ‘ğŸ‘ğŸ‘,1
225,Aplikasi yang sangat membantu dalam jual beli. Top,Top,1
226,Aplikasi yang bermanfaat dan oke.,Aplikasi yang bermanfaat dan oke.,1
227,"Apapun yg mau dibeli semua bisa di tokped...gak perlu ribet kemana mana, tinggal klik2 aja dpt apa yg dicari...bayar apapun juga melalui tokped.. Aplikasi gampang buat user... Makanya saya sebut Juara belanja Online","Apapun yg mau dibeli semua bisa di tokped...gak perlu ribet kemana mana, tinggal klik2 aja dpt apa yg dicari...bayar apapun juga melalui tokped.. Aplikasi gampang buat user... Makanya saya sebut Juara belanja Online",1
228,"Saya lelah dg banyaknya seller yg tidak bertanggung jawab dan sptnya tidak ada langkah perbaikan dan pembinaan thd seller dr pihak Tokopedia.

Melakukan kesalahan adalah hal yg wajar dan bisa dimaklumi, namun klu semua kesalahan cukup diselesaikan hanya dg permintaan maaf, seller tidak akan pernah menjadi lebih baik dan berhati2 di kemudian hari.
Ujung2nya, yg tersisa hanya kekecewaan dan rasa dongkol di hati pelanggan.","Ujung2nya, yg tersisa hanya kekecewaan dan rasa dongkol di hati pelanggan.",-1
229,membantu cari barang impian udh langganan silver,membantu cari barang impian udh langganan silver,1
230,Pembayaran mudah dan aman.,Pembayaran mudah dan aman.,1
231,Selalu menyenangkan berbelanja di Tokopedia,Selalu menyenangkan berbelanja di Tokopedia,1
232,Senang sekali bisa mengunakan tokopedia versi terbaru ini,Senang sekali bisa mengunakan tokopedia versi terbaru ini,1
233,Selalu senantiasa siap memenuhi kebutuhan rumah tangga,Selalu senantiasa siap memenuhi kebutuhan rumah tangga,1
234,Mudah aksesnya sangat merekomendasi untuk pengguna yang males belanja keluar,Mudah aksesnya sangat merekomendasi untuk pengguna yang males belanja keluar,1
235,Semua mudah semua bisa semua ada,Semua mudah semua bisa semua ada,1
236,Bintang 4 soalnya saya kena block gabisa pake voucher lg,Bintang 4 soalnya saya kena block gabisa pake voucher lg,-1
237,Kualitas pelayanan yg sdh bagus agar dipertahankan dan ditingkatkan.,Kualitas pelayanan yg sdh bagus agar dipertahankan dan ditingkatkan.,1
238,Pokoknya selama pandemi ini semua kebutuhan bs dibeli di toped . Makyus pokoknya,Makyus pokoknya,1
239,"Sudah lama menggunakan tokopedia semenjak awal launching. Sangat puas, dan dalam pusat penyelesaian selalu diselesaikan dengan adil. Review dari pembeli yang sesuai dengan bukti dan kenyataan, kalau tokonya servicenya jelek ya siap2 ga bakalan laku jual di toped","Sangat puas, dan dalam pusat penyelesaian selalu diselesaikan dengan adil.",1
240,Pengiriman sangat cepat !! Kuerennn,Kuerennn,1
241,Keren deh pokoknya,Keren deh pokoknya,1
242,Recommended.. All u can do at here.. Tolong untuk pembayaran Samsatnya diperbanyak kerjasamanya.. khususnya utk wilayah Kaltim dan KalselğŸ™,Recommended.. All u can do at here.. Tolong untuk pembayaran Samsatnya diperbanyak kerjasamanya.. khususnya utk wilayah Kaltim dan KalselğŸ™,1
243,mudah dan menyenangkan,mudah dan menyenangkan,1
244,"Selalu senang belanja di tokped, pengiriman cepat & dpt cashbacknya lebih sedikit huhu","Selalu senang belanja di tokped, pengiriman cepat & dpt cashbacknya lebih sedikit huhu",-1
245,Transfer ke rekening kita sendiri di Tokopedia tanpa biaya alias gratis dan cepat banget prosesnya. Uang langsung masuk ke rekening.,Uang langsung masuk ke rekening.,1
246,"Terpercaya, banyakin diskonya","Terpercaya, banyakin diskonya",1
247,Lebih mudah pakai aplikasi ini karena sudah terbiasa,Lebih mudah pakai aplikasi ini karena sudah terbiasa,1
248,"Respon cepat, toped sering free ongkir, makin suka belanja deh, trims ya:)â€¦","Respon cepat, toped sering free ongkir, makin suka belanja deh, trims ya:)â€¦",1
249,"time flies, biaya terus","time flies, biaya terus",1
250,Kasih bintang 4 dulu,Kasih bintang 4 dulu,1
251,Senang berbelanja di Tokped.,Senang berbelanja di Tokped.,1
252,"Tokopedia sangat membantu untuk urusan belanja online. Mudah, banyak diskon, terpercaya.","Mudah, banyak diskon, terpercaya.",1
253,aplikasi keren,aplikasi keren,1
254,Vendor dpt dipercaya produk dan pelayanannya.,Vendor dpt dipercaya produk dan pelayanannya.,1
255,Cukup puas selama menggunaka tokopedia dan 80% belanja online di tokopedia daripada apps lain,Cukup puas selama menggunaka tokopedia dan 80% belanja online di tokopedia daripada apps lain,1
256,Memuaskan,Memuaskan,1
257,Barang lengkap dan harga menarik,Barang lengkap dan harga menarik,1
258,"Better ini sih, promonya ada terus di banding oren","Better ini sih, promonya ada terus di banding oren",1
259,Mudah dan cepat thanks,Mudah dan cepat thanks,1
260,Lancar banget,Lancar banget,1
261,gak pernah mengecewakan belanja disini,gak pernah mengecewakan belanja disini,1
262,"Belanja jauh lebih mudah, nyaman dan tidak ribet, bagus sekali","Belanja jauh lebih mudah, nyaman dan tidak ribet, bagus sekali",1
263,"Seneng belanja di toped,bisa bayar pakai paylater, gratis ongkir lagi.. kurang baik apa coba nih aplikasi?? Yuk download",Yuk download,1
264,"Barang apa aja kayanya ada ditokopedia, harga juga banyak yg lebih murah drpd harga ditoko2 sebelah, apalagi dng adanya program bebas ongkir. mdh2an tetep mempertahankan prestasi ini. Tokopedia emang TOP..!!",mdh2an tetep mempertahankan prestasi ini.,1
265,"Asyek Dapat promo,,, sering2 adakan promo yaw ğŸ¥°ğŸ˜‡ğŸ™","Asyek Dapat promo,,, sering2 adakan promo yaw ğŸ¥°ğŸ˜‡ğŸ™",1
266,Bagus banyak membantu,Bagus banyak membantu,1
267,Suka dgn tokopedia bnyk barang bagus dan berkualitas,Suka dgn tokopedia bnyk barang bagus dan berkualitas,1
268,Cepat dan terpercaya,Cepat dan terpercaya,1
269,Mantapâ€¦ tidak ada kendalaâ€¦ğŸ˜€,Mantapâ€¦ tidak ada kendalaâ€¦ğŸ˜€,1
270,"Mudah penggunaannya, engga ribed di mata, respon juga kilat.","Mudah penggunaannya, engga ribed di mata, respon juga kilat.",1
271,Tiap Checkout kena biaya layanan... Kalauu truz2 an lumayaan jugaa tuu...,Tiap Checkout kena biaya layanan... Kalauu truz2 an lumayaan jugaa tuu...,-1
272,Lebih bagus lgi penambahan fitur chat live. Sehingga mengetahui pelapak yg online bisa cepat dalam balas pesan,Sehingga mengetahui pelapak yg online bisa cepat dalam balas pesan,0
273,Wah isi eMoney begitu gampang dan dapat cash back lagi. Memang top deh Toped dan OVOnya. ğŸ‘ğŸ‘ğŸ‘,Memang top deh Toped dan OVOnya.,1
274,Memudahkan untuk transaksi,Memudahkan untuk transaksi,1
275,Aplikasi cukup bagus dan oke.,Aplikasi cukup bagus dan oke.,1
276,Serba ada dan dapat dicicil,Serba ada dan dapat dicicil,1
277,"Tokoped sdh baik dan terpercaya, mohon jaga dan tingkatkan terus kualitasnya, tambahkan dg toko dan produk yg semakin kreatif serta berkualitas.","Tokoped sdh baik dan terpercaya, mohon jaga dan tingkatkan terus kualitasnya, tambahkan dg toko dan produk yg semakin kreatif serta berkualitas.",1
278,"suka banget sama aplikasi ini, sering dapet promo pulakğŸ˜†","suka banget sama aplikasi ini, sering dapet promo pulakğŸ˜†",1
279,Apps yg bagus dan sangat berguna buat kebutuhan sehari2... thanks,Apps yg bagus dan sangat berguna buat kebutuhan sehari2... thanks,1
280,sudah tidak bisa gratis ongkir otomatis. harus pkai voucher,harus pkai voucher,-1
281,Penjualnya omong kosong,Penjualnya omong kosong,-1
282,sangat membantu dan kereen.. alhamdulilah... dapat bonus banyakğŸ™ğŸ™,sangat membantu dan kereen.. alhamdulilah... dapat bonus banyakğŸ™ğŸ™,1
283,Pelayanan topedia sngat ok,Pelayanan topedia sngat ok,1
284,Tokopedia membuat hidup lebih mudah,Tokopedia membuat hidup lebih mudah,1
285,banyak nanya rating lu kaya programmer baru lulus,banyak nanya rating lu kaya programmer baru lulus,-1
286,Selalu puas belanja di Tokopedia,Selalu puas belanja di Tokopedia,1
287,Paketannya Rapi,Paketannya Rapi,1
288,Aplikasi yg sangat memuaskan,Aplikasi yg sangat memuaskan,1
289,Sementara bermanfaat. Terima kasih,Terima kasih,1
290,Apalagi saat pandemi seperti sekarang,Apalagi saat pandemi seperti sekarang,1
291,"Belanja primer, sekunder dan tersier selalu nyaman di Toped ğŸ‘ŒğŸ»","Belanja primer, sekunder dan tersier selalu nyaman di Toped ğŸ‘ŒğŸ»",1
292,"Gratis ongkirnya gak ada, tambah jasa aplikasi lah trus jasa layanan apalah itu.","Gratis ongkirnya gak ada, tambah jasa aplikasi lah trus jasa layanan apalah itu.",-1
293,Apk membantu banget!,Apk membantu banget!,1
294,Suka,Suka,1
295,Sekarang biaya layanan aplikasi menjadi Rp 2rb,Sekarang biaya layanan aplikasi menjadi Rp 2rb,0
296,sampai saat ini belum pernah nemu kendala semoga seterusnya seperti ini,sampai saat ini belum pernah nemu kendala semoga seterusnya seperti ini,1
297,"Banyak cashback dan ongkir gratis, jadi suka banget belanja disini","Banyak cashback dan ongkir gratis, jadi suka banget belanja disini",1
298,Sangat tau kebutuhan,Sangat tau kebutuhan,1
299,Ok banget,Ok banget,1
300,"Aplikasi yang sangat membantu, semakin dipermudah","Aplikasi yang sangat membantu, semakin dipermudah",1
301,bagus dan sangat memudahkan dalam belanja,bagus dan sangat memudahkan dalam belanja,1
302,Tidak ada pilihan login dengan akun google,Tidak ada pilihan login dengan akun google,0
303,"Pelayanan cepat dan memuaskan, sangat recommended","Pelayanan cepat dan memuaskan, sangat recommended",1
304,Makasih tokopedia,Makasih tokopedia,1
305,Memudahkan sekali,Memudahkan sekali,1
306,"Aplikasi keren, berguna banget","Aplikasi keren, berguna banget",1
307,Proses cepat dan murah terbaik,Proses cepat dan murah terbaik,1
308,Mempermudah segala urusanku,Mempermudah segala urusanku,1
309,Biaya admin naik terus.,Biaya admin naik terus.,-1
310,"No. 1 shoping online, Safe and helpfull application.. thank you so much Perlu diperbaiki pembayaran masih sering mengalami kendala","1 shoping online, Safe and helpfull application.. thank you so much Perlu diperbaiki pembayaran masih sering mengalami kendala",-1
311,"Puas banget belanja di tokped, pencarian mudah dan moda pembayaran banyak","Puas banget belanja di tokped, pencarian mudah dan moda pembayaran banyak",1
312,Banyak gratis ongkirnya,Banyak gratis ongkirnya,1
313,"Marketplace yang lengkap, menyenangkan dan aman..","Marketplace yang lengkap, menyenangkan dan aman..",1
314,"Saya sudah Diamond member TOKOPEDIA.. Saran saya selalu belanja di TOKOPEDIA ! Bebas masalah di Tokopedia.. Sy kena masalah di tokosebelah.. merchant penipu dibelain, Jual barang tidak sesuai description.. Komplain malah seller dibelain, jd korban deh... ga ada waktu buat lapor ribet banget.. Kita mau belanja tenang.. aman.. ya di Tokopedia.. Lancar dan cepat speednya.. sudah saya banding2kan dan yg penting aman.. Tokopedia paling mantul ..ğŸ‘ğŸ‘ğŸ‘","Bebas masalah di Tokopedia.. Sy kena masalah di tokosebelah.. merchant penipu dibelain, Jual barang tidak sesuai description.. Komplain malah seller dibelain, jd korban deh... ga ada waktu buat lapor ribet banget.. Kita mau belanja tenang.. aman.. ya di Tokopedia.. Lancar dan cepat speednya.. sudah saya banding2kan dan yg penting aman.. Tokopedia paling mantul ..ğŸ‘ğŸ‘ğŸ‘",1
315,Terima kasih sudah banyak membantu saya belanja selama masa PSBB,Terima kasih sudah banyak membantu saya belanja selama masa PSBB,1
316,"Harga sesuai dan terjamin aman sih, pengalaman gapeenah telat kirim2 paket","Harga sesuai dan terjamin aman sih, pengalaman gapeenah telat kirim2 paket",1
317,Tak Pernah berpaling dari tokopedia,Tak Pernah berpaling dari tokopedia,1
318,"Apps ini memiliki fitur lengkap, mudah dimengerti dan tersambung dengan apps kurir lainnya yg membantu pembeli dan penjual.","Apps ini memiliki fitur lengkap, mudah dimengerti dan tersambung dengan apps kurir lainnya yg membantu pembeli dan penjual.",1
319,"Mudah, cepat dan Aman","Mudah, cepat dan Aman",1
320,"Pemesan, pembayaran, pengiriman semua serba mudah","Pemesan, pembayaran, pengiriman semua serba mudah",1
321,"Apps bagoes, aman bila ada masalah komplain sebagai pembeli ataupun penjual. Kurang puas promonya mesti dicermati kadang malah bayar lebih, seperti yg dipaksa daftar cicilan untuk dapat discount dihitung malah boncos mending ga pakai promonya.","Kurang puas promonya mesti dicermati kadang malah bayar lebih, seperti yg dipaksa daftar cicilan untuk dapat discount dihitung malah boncos mending ga pakai promonya.",-1
322,Banyak bonusnya utk bayar tagihan bulanan,Banyak bonusnya utk bayar tagihan bulanan,1
323,Semoga tokopedia pelayanannya lebih baik lagi,Semoga tokopedia pelayanannya lebih baik lagi,1
324,Aplikasi yg menarik dan bagus....perlu dipertahankan bahkan di tingkatkan,Aplikasi yg menarik dan bagus....perlu dipertahankan bahkan di tingkatkan,1
325,"Pajaknya 1% lebih dari total harga, agak memberatkan","Pajaknya 1% lebih dari total harga, agak memberatkan",-1
326,Baguslah pokoknya liat aja daftar belanja sy. Hrsnya sy dikasih merchsndise,Hrsnya sy dikasih merchsndise,1
327,sangat bermanfaat,sangat bermanfaat,1
328,Semenjak gabung GOTO bikin saham IPO tokopedia gak jelas banget kasih naikin harga segala udah kena tarif jadi kangen jaman dulu masih banyak bebas ongkir dapat cashback terus gak kena biaya jasa apalah itu. Mending pisah perusahaan aja lah berdiri sendiri daripada gabung malah jadi nyusahin gini skrg,Mending pisah perusahaan aja lah berdiri sendiri daripada gabung malah jadi nyusahin gini skrg,-1
329,"banyak keuntungan belanja di tokopedia seperti cash back, tracking belanjanya bisa di cek mulai dari transfer sampai ke pembeli.","banyak keuntungan belanja di tokopedia seperti cash back, tracking belanjanya bisa di cek mulai dari transfer sampai ke pembeli.",1
330,Tokopedia banyak pilihan reliable,Tokopedia banyak pilihan reliable,1
331,belanja sangat dimudahkan ğŸ‘,belanja sangat dimudahkan ğŸ‘,1
332,Mudah n simple,Mudah n simple,1
333,"Fitur2 nya OK dan memuaskan, thankyou Tokopedia","Fitur2 nya OK dan memuaskan, thankyou Tokopedia",1
334,"Proses prosedur pembelian yg jelas, app yg mudah dipakai","Proses prosedur pembelian yg jelas, app yg mudah dipakai",1
335,Udah lah bagus banget,Udah lah bagus banget,1
336,"Terus terus an minta pin sambil gak bisa swipe right. Maksa banget harus buat PIN. Maksanya OK, cm jelek nya gak ada swipe right.","Maksanya OK, cm jelek nya gak ada swipe right.",-1
337,Aplikasi ngga ribet. Tahapan proses jelas Aman terpercaya. Ngga khawatir kalo beli barang,Ngga khawatir kalo beli barang,1
338,Mudah dan banyak bonus,Mudah dan banyak bonus,1
339,Selalu yg terbaik,Selalu yg terbaik,1
340,Fitur & layanan yg lengkap. So helpful,So helpful,1
341,Selama ini lancar jaya...,Selama ini lancar jaya...,1
342,Asyik banget pakai tokopedia,Asyik banget pakai tokopedia,1
343,"Tokopedia favoritku sejak dulu. Harga ok, layanan ok. Top","Harga ok, layanan ok. Top",1
344,Sebenarnya klo mau pake jasa expres same day suka banget sm aplikasi ini. Hanya saja untuk mencari barangnya agak kurang variasi dan harga.,Hanya saja untuk mencari barangnya agak kurang variasi dan harga.,-1
345,Sangat membantu untuk E-Money,Sangat membantu untuk E-Money,1
346,promo jarang kepakeğŸ˜…,promo jarang kepakeğŸ˜…,-1
347,Sangat bagus dan bermanfaat,Sangat bagus dan bermanfaat,1
348,"Agak bingung sih,, tapi di coba aja","Agak bingung sih,, tapi di coba aja",1
349,terbaik se-Indonesia ğŸ‘,terbaik se-Indonesia ğŸ‘,1
350,Cepat dan gampang,Cepat dan gampang,1
351,Aku sih penganut gojek tokped garis keras ğŸ™,Aku sih penganut gojek tokped garis keras ğŸ™,1
352,Tokopedia Proses Mudah dan Cepat,Tokopedia Proses Mudah dan Cepat,1
353,Mudah dan cepat,Mudah dan cepat,1
354,bagus samgat membantu,bagus samgat membantu,1
355,Semakin baik dalam banyak hal,Semakin baik dalam banyak hal,1
356,Sangat membantu untuk proses belanja dan pembayaran tagihan bulanan. Terimakasih tokopedia!!,Terimakasih tokopedia!,1
357,Aplikasi andalan,Aplikasi andalan,1
358,Banyak pilihan dan selalu ada. Memberikan yang termurah. Sangat memuaskan. Thx TOPED,Memberikan yang termurah.,1
359,Urusan aman dan terpercaya,Urusan aman dan terpercaya,1
360,"Dulu suka sama tokped karena gak ada fee ina itu. Tapi makin ke sini, tiba tiba makin banyak fee tambahan, dan bahkan gratis ongkir somehow kadang gak ada. Jadi belanja mahal di biaya ina itunya.",Jadi belanja mahal di biaya ina itunya.,-1
361,Gak pernah kecewa belanja dsini,Gak pernah kecewa belanja dsini,1
362,belanja olshop via tokopedia menurut saya sangat aman dan nyaman. tapi kita sebagai buyer juga harus smart dalam memilih produk. sukses selalu tokopedia!,tapi kita sebagai buyer juga harus smart dalam memilih produk.,1
363,"Mau apa aja , ada","Mau apa aja , ada",1
364,Terbaiklah pokona mah ğŸ‘ğŸ‘ğŸ‘ğŸ‘ğŸ‘,Terbaiklah pokona mah ğŸ‘ğŸ‘ğŸ‘ğŸ‘ğŸ‘,1
365,"Service charge pembayaran dengan gopay sekarang semakin mahal, 2000 per transaksi. Naik terus naik terus ğŸ˜©",Naik terus naik terus ğŸ˜©,-1
366,Kebetulan dapet dr Bandung sesuai kebutuhan ğŸ˜ƒğŸ˜ƒğŸ˜ƒ,Kebetulan dapet dr Bandung sesuai kebutuhan ğŸ˜ƒğŸ˜ƒğŸ˜ƒ,0
367,"Packing rapi, pengiriman cepat, barang ok","Packing rapi, pengiriman cepat, barang ok",1
368,Aplikasi yg sangat bagus belanja bikin senang harga terjangkauğŸ‘ğŸ‘ğŸ‘,Aplikasi yg sangat bagus belanja bikin senang harga terjangkauğŸ‘ğŸ‘ğŸ‘,1
369,Mgkin karna aku biasa pke shop** yg ini agak belibet cuman oke aja sih,Mgkin karna aku biasa pke shop** yg ini agak belibet cuman oke aja sih,-1
370,Terbaikkkkk,Terbaikkkkk,1
371,"Transaksi lancar. Cepat , mudah","Cepat , mudah",1
372,Semoga semakin sering cashback nya ğŸ˜†,Semoga semakin sering cashback nya ğŸ˜†,1
373,"Very convinient, beli apa aja ada dgn harga dan kualitas yg bagus ğŸ˜ğŸ˜","Very convinient, beli apa aja ada dgn harga dan kualitas yg bagus ğŸ˜ğŸ˜",1
374,Sejauh ini aman aman aja ga ada kesalahan dan belum pernah complain :) thanks tokped,Sejauh ini aman aman aja ga ada kesalahan dan belum pernah complain :) thanks tokped,1
375,"Seakrang cash backnya dikit Biaya admin mihil Hiks
Ada biaya aplikasi juga ğŸ¥²","Seakrang cash backnya dikit Biaya admin mihil Hiks
Ada biaya aplikasi juga ğŸ¥²",-1
376,Sangat aman dan mudah bertransaksi di tokopedia,Sangat aman dan mudah bertransaksi di tokopedia,1
377,"Thank you Tokopedia untuk segala kemudahannya, keep up the good work!","Thank you Tokopedia untuk segala kemudahannya, keep up the good work!",1
378,"Pelayanan tokopedia sangat bagus, banyak promonya juga","Pelayanan tokopedia sangat bagus, banyak promonya juga",1
379,Cepat dan akurat,Cepat dan akurat,1
380,"Sangat Mudah, Cepat, Profesional Penanganan Komplain : ğŸ‘ğŸ»ğŸ‘ğŸ»ğŸ‘ğŸ»ğŸ‘ğŸ»ğŸ‘ğŸ»","Sangat Mudah, Cepat, Profesional Penanganan Komplain : ğŸ‘ğŸ»ğŸ‘ğŸ»ğŸ‘ğŸ»ğŸ‘ğŸ»ğŸ‘ğŸ»",1
381,"Mudah digunakan, respon cepat, and cepat dalam memuat. Sebenarnya pop-up klaim voucher sedikit mengganggu",Sebenarnya pop-up klaim voucher sedikit mengganggu,-1
382,Super ğŸ‘ğŸ½,Super ğŸ‘ğŸ½,1
383,buka app cepat,buka app cepat,1
384,Selalu pakai tokped kl belanja online krn banyak seller yg terpercaya wlw masih ada bbrp jg yg lolos verifikasi pdhal lokasi penjual nya ga bener/ga sesuai,Selalu pakai tokped kl belanja online krn banyak seller yg terpercaya wlw masih ada bbrp jg yg lolos verifikasi pdhal lokasi penjual nya ga bener/ga sesuai,-1
385,"Paling lancar, pilihan banyak banget, aplikasi sangat enak dipakai, website nya juga enak dipakai, cara pembayaran buanyak! Jarang ke toko lain. Best!",Jarang ke toko lain.,1
386,Tokped mantab,Tokped mantab,1
387,Sangat membantu dalam berbelanja,Sangat membantu dalam berbelanja,1
388,UI Appnya cantik untuk ipad 5 mini ğŸ‘,UI Appnya cantik untuk ipad 5 mini ğŸ‘,1
389,"Sukses terus, sejauh ini suka dgn tokopedia krna promo ongkir/cashback tdk dgn pembayaran tertentu, semoga terus begitu ya biar berkah ğŸ‘ğŸ»","Sukses terus, sejauh ini suka dgn tokopedia krna promo ongkir/cashback tdk dgn pembayaran tertentu, semoga terus begitu ya biar berkah ğŸ‘ğŸ»",1
390,"barang bagus, sesuai dengan pesanan","barang bagus, sesuai dengan pesanan",1
391,Sesuai,Sesuai,1
392,"Dari semua Ecomm menurut gue Tokped yg paling lengkap dan bagus kurasi nya utk local brand.. selain itu opsi pengiriman nya juga jelas dan simple

downside nya Tokped adalah CS nya pake robot jd suka muter2 jawabannya","Dari semua Ecomm menurut gue Tokped yg paling lengkap dan bagus kurasi nya utk local brand.. selain itu opsi pengiriman nya juga jelas dan simple

downside nya Tokped adalah CS nya pake robot jd suka muter2 jawabannya",0
393,"Tampilan apps bikin pusing, ngga user friendly, lebih simple pake apps sebelah","Tampilan apps bikin pusing, ngga user friendly, lebih simple pake apps sebelah",-1
394,Luar biasa banyak wejangan2 yang ciamik ğŸ™,Luar biasa banyak wejangan2 yang ciamik ğŸ™,1
395,"Biaya transaksi naik 3.000, bebas ongkir ga ada dan promo dipersulit. Tokopedia plus juga rugi. Tolong itu ga usah MARKETING sewa artis korea, dananya untuk PROMO PENGGUNA LAMA aja. Jgn kebanyakan dana marketing tapi pengguna lama ga diperhatikan.ğŸ‘ğŸ‘ğŸ‘ğŸ‘ğŸ‘perbanyak promo cashback!!! Berulang kali minta bintangâ€¦. â­ï¸","Tolong itu ga usah MARKETING sewa artis korea, dananya untuk PROMO PENGGUNA LAMA aja.",-1
396,Sofar membantu dalam setiap keperluan baik urgential atau keperluan lainnya,Sofar membantu dalam setiap keperluan baik urgential atau keperluan lainnya,1
397,Transaksi rekber yg bisa diandalkan. Salut buat pengiriman gratis dari gosend ğŸ‘ŒğŸ‘ŒğŸ‘Œ,Salut buat pengiriman gratis dari gosend ğŸ‘ŒğŸ‘ŒğŸ‘Œ,1
398,"Lepas aja saham sama goto cuma beban doang, dr dulu tokped udah berjaya sendiri","Lepas aja saham sama goto cuma beban doang, dr dulu tokped udah berjaya sendiri",-1
399,Anjayy slebeww,Anjayy slebeww,0
400,Lebih praktis karena bisa dari rumah,Lebih praktis karena bisa dari rumah,1
401,"Rapi, nyaman, gak ribet, perform aplikasi mantap","Rapi, nyaman, gak ribet, perform aplikasi mantap",1
402,Diskonnya jelas tidak muter-muter,Diskonnya jelas tidak muter-muter,1
403,"Terpercaya, gampang pembayarannya, banyak jenis barang & jasanya","Terpercaya, gampang pembayarannya, banyak jenis barang & jasanya",1
404,Bagus pokoknya,Bagus pokoknya,1
405,Mudah dan aman dalam bertransaksi,Mudah dan aman dalam bertransaksi,1
406,"Platform belanja online paling didepan, banyak keuntungan : toko point, gratis ongkir Terus tingkatkan fasilitasnya dan manjakan user supaya user semakin nyaman .. SUKSES BUAT TOKPEDğŸ‘ğŸ‘","Platform belanja online paling didepan, banyak keuntungan : toko point, gratis ongkir Terus tingkatkan fasilitasnya dan manjakan user supaya user semakin nyaman .. SUKSES BUAT TOKPEDğŸ‘ğŸ‘",1
407,"Banyak pilihan reseller, banyak promo, banyak cashback","Banyak pilihan reseller, banyak promo, banyak cashback",1
408,Super,Super,1
409,Harus dijunjung tinggi,Harus dijunjung tinggi,1
410,Tapi Klo Bisa harganya murce dikit ding Kyk toko sebelah â˜ºï¸,Tapi Klo Bisa harganya murce dikit ding Kyk toko sebelah â˜ºï¸,0
411,Pastinya!,Pastinya!,0
412,Mantap bestttt,Mantap bestttt,1
413,"Bebas ongkir, ada cashback, jadi bisa dapat harga super murah","Bebas ongkir, ada cashback, jadi bisa dapat harga super murah",1
414,Aman dan nyaman dlm bertransaksi di tokopedia,Aman dan nyaman dlm bertransaksi di tokopedia,1
415,Mantap jaya! Tokopedia makin banyak fitur & pilihan,Tokopedia makin banyak fitur & pilihan,1
416,"Aplikasi merchant online paling gampang, paling keren dan paling memudahkan kehidupan modern","Aplikasi merchant online paling gampang, paling keren dan paling memudahkan kehidupan modern",1
417,keren sangat membantu terima kasih Tokped,keren sangat membantu terima kasih Tokped,1
418,Sangat lemot pada saat pembayaran,Sangat lemot pada saat pembayaran,-1
419,Belanja hemat & memuaskan ya di Tokopedia...,Belanja hemat & memuaskan ya di Tokopedia...,1
420,Cara mudah belanja online dengan reputasi yang baik....,Cara mudah belanja online dengan reputasi yang baik....,1
421,"Kalo dulu bisa pilih promo sebanyak 2 kupon. Sekarang cuma satu,disuruh milih gratis ongkir atau cashback coin. Lama-lama ilang dah promonya",Lama-lama ilang dah promonya,-1
422,Mantap lah,Mantap lah,1
423,Keren pokoknya. Beda sama si orenğŸ«£,Beda sama si orenğŸ«£,1
424,cocok banget buat kebutuhan akan beol,cocok banget buat kebutuhan akan beol,1
425,"Aman, cepat dan tanggap","Aman, cepat dan tanggap",1
426,Filter sewaktu cari barang sangat baik. Jg bisa lgsg pilih alamat pengiriman sewaktu cari barang biar bisa lgsg tau ongkirnya berapa. Toped semakin improve & user friendly dibanding apps belanja lainnya,Toped semakin improve & user friendly dibanding apps belanja lainnya,1
427,Mantap betulll,Mantap betulll,1
428,"Paket belum di terima tapi di aplikasi paket sudah di terima, sudah bertanya ke keluarga dan tetangga mereka pun belum melihat kurir yang bersangkutan, kurir di hubungi sama sekali ga ngerespon. Ga ada solusi dari reseller dan penanganannya butuh berhari-hari dalam pengembalian dana.",Ga ada solusi dari reseller dan penanganannya butuh berhari-hari dalam pengembalian dana.,-1
429,"Sangat memuaskan, salam MRC â€œMutiara RentCarâ€ rental mobil yg berlokasi diciputat 081282122008","Sangat memuaskan, salam MRC â€œMutiara RentCarâ€ rental mobil yg berlokasi diciputat 081282122008",1
430,Memudahkan pembayaran,Memudahkan pembayaran,1
431,aplikasi nya bagus dan mudah digunakan,aplikasi nya bagus dan mudah digunakan,1
432,Belanja cepat dan mudah,Belanja cepat dan mudah,1
433,Suka dengan sistem TokoPedia yang komunikatif serta membuat pengguna aplikasi aman dan nyaman Keep up the goodwork ğŸ‘ğŸ»,Suka dengan sistem TokoPedia yang komunikatif serta membuat pengguna aplikasi aman dan nyaman Keep up the goodwork ğŸ‘ğŸ»,1
434,"Promonya downgrade cuy, toped jadi ga asik","Promonya downgrade cuy, toped jadi ga asik",-1
435,Mantep udah 5 tahun pake,Mantep udah 5 tahun pake,1
436,Sesuai apa yg di jual selama saya belanja terimakasih,Sesuai apa yg di jual selama saya belanja terimakasih,1
437,Terfasilitasi dengan baik. Nice!,Nice!,1
438,Semoga aplikasi semakin ringan di ponsel keluaran lama ğŸ‘ğŸ»,Semoga aplikasi semakin ringan di ponsel keluaran lama ğŸ‘ğŸ»,0
439,"Belanja di Tokopedia sangat menyenangkan, ecommerch terbaik favorit keluarga, Selalu puas belanja di Tokopedia, seller sudah pasti jelas bukan abal2, harga lebih terjangkau dan terlengkap ğŸ‘ğŸ‘ğŸ‘ğŸ‘ğŸ‘ğŸ‘","Belanja di Tokopedia sangat menyenangkan, ecommerch terbaik favorit keluarga, Selalu puas belanja di Tokopedia, seller sudah pasti jelas bukan abal2, harga lebih terjangkau dan terlengkap ğŸ‘ğŸ‘ğŸ‘ğŸ‘ğŸ‘ğŸ‘",1
440,"Udh merugikan seller dengan biaya toped, kupon gabisa double sm free ongkir, ada biaya layanan lg. Pindah ke blibli yg lagi bagus2nua",Pindah ke blibli yg lagi bagus2nua,-1
441,"Ada jasa aplikasi yg awalnya tdk ada, rp 2000 trus naik rp 3000","Ada jasa aplikasi yg awalnya tdk ada, rp 2000 trus naik rp 3000",-1
442,Makin banyak Promo dan cash back ya,Makin banyak Promo dan cash back ya,1
443,Tepat waktu,Tepat waktu,1
444,Good job tokopedia teruslah berkarya dan tingkatkan kualitas pelayanan. Bless you,Bless you,1
445,"Proses pembelian sangat mudah , pilihan lapak yang banyak dan semua kebutuhan / barang yang kita inginkan, semuanya tersedia disini.","Proses pembelian sangat mudah , pilihan lapak yang banyak dan semua kebutuhan / barang yang kita inginkan, semuanya tersedia disini.",1
446,Puas banget proses nya mudah tidak ribet,Puas banget proses nya mudah tidak ribet,1
447,Aplikasi mudah digunakan dan banyak promo menarik ğŸ‘,Aplikasi mudah digunakan dan banyak promo menarik ğŸ‘,1
448,Solusi jelek banget dan memaksağŸ‘ğŸ‘ğŸ‘ğŸ‘ğŸ‘,Solusi jelek banget dan memaksağŸ‘ğŸ‘ğŸ‘ğŸ‘ğŸ‘,-1
449,"Kebanyakan pembeli mengeluhkan dengan biaya administrasinya yang tinggi, terutama dengan adanya biaya aplikasi sebesar 2000","Kebanyakan pembeli mengeluhkan dengan biaya administrasinya yang tinggi, terutama dengan adanya biaya aplikasi sebesar 2000",-1
450,Singkat Jelas Cepat dan praktis,Singkat Jelas Cepat dan praktis,1
451,Proses mudah,Proses mudah,1
452,"Paling percaya dan yakin sama tokopedia , selalu bisa membantu sya jika ada masalah dengan penjual. Terima kasih tokopedia",Terima kasih tokopedia,1
453,Selalu ngehang app-nya saat mau ubah produk.,Selalu ngehang app-nya saat mau ubah produk.,-1
454,"Maksa bgt byr pake gopay ğŸ¤£ kalo ga pake gopay kena lg biaya layanan. Masa mau checkout 1 pesanan aja hrs kena 2 biaya. Ga besar sih nominalnya, tp lama2 jadi males belanja di tokped ğŸ¤","Ga besar sih nominalnya, tp lama2 jadi males belanja di tokped ğŸ¤",-1
455,Aplikasi top banget,Aplikasi top banget,1
456,Bayar BPJS Kesehatan,Bayar BPJS Kesehatan,1
457,"udah langganan pake tokopedia untuk bayar bpjs, tv kabel, paket data sampe pulsa. cashback nya menarik bisa buat tambahan diskon .. Asyiiik! ^~^",cashback nya menarik bisa buat tambahan diskon .. Asyiiik!,1
458,Guampang banget mudah di gunakan ga ribet pelacakan pesanan jga enak banget apalaginyg instant bisa live di banding satunya hehheheh,Guampang banget mudah di gunakan ga ribet pelacakan pesanan jga enak banget apalaginyg instant bisa live di banding satunya hehheheh,1
459,"One stop online shopping, tingkatkan terus performa & inovasi utk pelanggan","One stop online shopping, tingkatkan terus performa & inovasi utk pelanggan",1
460,sangat memuaskan,sangat memuaskan,1
461,Terima kasih banyak,Terima kasih banyak,1
462,Belanja gak ribet lagi..semua ada,Belanja gak ribet lagi..semua ada,1
463,"Beberapa kali mengajukan komplain di Tokopedia tidak mendapatkan penanganan yang netral, lebih berpihak kepada seller dan upaya memberikan solusi kepada pembeli cenderung minim dan tidak ada fitur chat untuk diskusi interaktif","Beberapa kali mengajukan komplain di Tokopedia tidak mendapatkan penanganan yang netral, lebih berpihak kepada seller dan upaya memberikan solusi kepada pembeli cenderung minim dan tidak ada fitur chat untuk diskusi interaktif",-1
464,"segalanya jadi lebih mudah, simple, dan aman. dari awal pake tokped, ngerasa safe banget karena proses transaksi aman gitu deh!!",!,1
465,Cukup bagus dan lancar pengirimannya,Cukup bagus dan lancar pengirimannya,1
466,Sangat responsif dan ramah serta terpercaya dalam transaksi,Sangat responsif dan ramah serta terpercaya dalam transaksi,1
467,Selama ini belanja di Tokped tidak mengecewakan dan sesuai dgn deskripsi toko,Selama ini belanja di Tokped tidak mengecewakan dan sesuai dgn deskripsi toko,1
468,mantap banget gak mau ke olshop yang lain,mantap banget gak mau ke olshop yang lain,1
469,Sangat memudahkan dan kualitas barang & layanan terjamin.,Sangat memudahkan dan kualitas barang & layanan terjamin.,1
470,Pemakaian mudah,Pemakaian mudah,1
471,Barang,Barang,0
472,Puas Banget,Puas Banget,1
473,Bagus Toped. Tidak pernah mengecewakan,Tidak pernah mengecewakan,1
474,"Make a better, masih bisa lebih baik lagi","Make a better, masih bisa lebih baik lagi",1
475,Banyak biaya tambahannya. Selain itu oke.,Selain itu oke.,-1
476,Cukup puas walaupun pernah di kecewakan,Cukup puas walaupun pernah di kecewakan,1
477,Mantap lah pokoknya,Mantap lah pokoknya,1
478,"Makin lebih aneh dari shopee. Kurir tertentu sudah dinonaktifkan kok malah tetap aja dipakek! ! Ambigu. Kalo di shopee, kurir sudah dinonaktifkan maka otomatis tidak akan ada pesanan yang dialihkan ke kurir tsb. Beda dgn tokopedia, yg tidak konsisten.",Ambigu.,-1
479,Terima kasih Tokopedia,Terima kasih Tokopedia,1
480,Saya sebagai penjual danmpembeli selalu menggunakan tokopedia. Transaksi aman,Transaksi aman,1
481,Lumayan membantu,Lumayan membantu,1
482,Tingkatnya promo yg banyak terus amin,Tingkatnya promo yg banyak terus amin,1
483,Waaahhh puas bangeeettt!!!,!,1
484,Penasaran mau coba,Penasaran mau coba,0
485,Pembayaran dengan OVO points sangat membantu,Pembayaran dengan OVO points sangat membantu,1
486,Pelayanan cepat,Pelayanan cepat,1
487,Pemesanan2 berlangsung aman dan baik. Penanganan complain juga sangat baik.,Penanganan complain juga sangat baik.,1
488,"Bru tau ada fee jasa aplikasi,sebelumnya gada","Bru tau ada fee jasa aplikasi,sebelumnya gada",0
489,Mudah dan terpercaya,Mudah dan terpercaya,1
490,Baik,Baik,1
491,gw cari apa aja di tokped ada ğŸ‘,gw cari apa aja di tokped ada ğŸ‘,1
492,Top cari apa aja enak,Top cari apa aja enak,1
493,Mantap!,Mantap!,1
494,Sy suka dengan aplikasi tokopedia baramg yg do tawarkan lengkap,Sy suka dengan aplikasi tokopedia baramg yg do tawarkan lengkap,1
495,Sangat membantu tinggkat pelayanan dan pengaman bagi customer,Sangat membantu tinggkat pelayanan dan pengaman bagi customer,1
496,Metode pembayaran nya juara sih. Pake aja mudah dan cepat.,Pake aja mudah dan cepat.,1
497,"Suka belanja di sini, aplikasi ok","Suka belanja di sini, aplikasi ok",1
498,Terimakasih program ini sangat membantuğŸ˜,Terimakasih program ini sangat membantuğŸ˜,1
499,"sangat mudah transaksi di toped, layout aplikasinya juga enak.

terpercaya so pasti.",terpercaya so pasti.,1
500,Quick response dan kualitas barang sesuai foto,Quick response dan kualitas barang sesuai foto,1
501,Selalu belanja dan bayar tagihan disini. Byk bonus nya ğŸ‘ğŸ‘,Byk bonus nya ğŸ‘ğŸ‘,1
502,Sejak tahun 2019 saya pake aplikasi tokopedia aman dan nyaman,Sejak tahun 2019 saya pake aplikasi tokopedia aman dan nyaman,1
503,Simple dan Aman,Simple dan Aman,1
504,"System operasional Tokopedia sangat efektif, dan The Best ğŸ‘ğŸ‘ğŸ‘ğŸ˜˜ğŸ˜˜ğŸ˜˜ Efficient mudah dipakai dan sangat adil. Thanks Tokopedia semakin Top di depan ğŸ™ğŸ™ğŸ™ğŸ‘ğŸ‘ğŸ‘ğŸ˜ğŸ˜ğŸ˜ Gak pakai aplikasi lain kecuali 1 saja Tokopedia ğŸ™ğŸ™ğŸ™",Thanks Tokopedia semakin Top di depan ğŸ™ğŸ™ğŸ™ğŸ‘ğŸ‘ğŸ‘ğŸ˜ğŸ˜ğŸ˜ Gak pakai aplikasi lain kecuali 1 saja Tokopedia ğŸ™ğŸ™ğŸ™,1
505,"Barang yang di beli semua sesuai display, kalaupun ada komplain, bisa respon dgn cepat oleh tokopedia sebagai penengah..ga salah sudah bertahun2 menjadi buyer disiniğŸ‘ğŸ»ğŸ‘ğŸ»top deh olshopnyaâ˜ºï¸ğŸ˜Š","Barang yang di beli semua sesuai display, kalaupun ada komplain, bisa respon dgn cepat oleh tokopedia sebagai penengah..ga salah sudah bertahun2 menjadi buyer disiniğŸ‘ğŸ»ğŸ‘ğŸ»top deh olshopnyaâ˜ºï¸ğŸ˜Š",1
506,Beli produk dari marketplace di tokopedia banyak varian dan lapak profesional,Beli produk dari marketplace di tokopedia banyak varian dan lapak profesional,1
507,Suka dengan aplikasi ini tp kecewa naik harga jasa layanannya,Suka dengan aplikasi ini tp kecewa naik harga jasa layanannya,-1
508,"pesanan sesuai, aplikasi yg memudahkan saya membeli segala keperluan","pesanan sesuai, aplikasi yg memudahkan saya membeli segala keperluan",1
509,Banyak informasi baruuuu dari tokopedia,Banyak informasi baruuuu dari tokopedia,1
510,Keren sekali,Keren sekali,1
511,App enakkkk mudah gak ribet,App enakkkk mudah gak ribet,1
512,Pesanan tiba tepat wktu,Pesanan tiba tepat wktu,1
513,Asiikk bgt belanja lake app tokopedia ğŸ‘ğŸ¼,Asiikk bgt belanja lake app tokopedia ğŸ‘ğŸ¼,1
514,Puas dengan sistim dan pelayanannya,Puas dengan sistim dan pelayanannya,1
515,"jual beli di tokopedia aman ,ngak pakai ribet deh","jual beli di tokopedia aman ,ngak pakai ribet deh",1
516,Aplikasi e-commerce yang sangat membantu kebutuhan saya dalam berbelanja...gud job,Aplikasi e-commerce yang sangat membantu kebutuhan saya dalam berbelanja...gud job,1
517,Cepat sekali jualah dsini.. thank tokped,Cepat sekali jualah dsini.. thank tokped,1
518,Sangat memuaskan dan tidak mengecewakan. Terus berikan yang terbaik TokoPedia,Terus berikan yang terbaik TokoPedia,1
519,Setiap beli online pasti pakai tokped,Setiap beli online pasti pakai tokped,1
520,Toko pedia memang oyeee,Toko pedia memang oyeee,1
521,toped ok bgt ada gratis ongkir lagi. terbantu bgt,terbantu bgt,1
522,"Sangat membantu, memudahkan dalam pembelian sesuatu","Sangat membantu, memudahkan dalam pembelian sesuatu",1
523,"Pertahankan kepraktisan, simpel cepat","Pertahankan kepraktisan, simpel cepat",1
524,service yang memuaskan,service yang memuaskan,1
525,adakan paylaternya,adakan paylaternya,0
526,Terima kasih tokopedia,Terima kasih tokopedia,1
527,Kalau bisa pembayaran melalui indomaret tidak ada batas maksimal,Kalau bisa pembayaran melalui indomaret tidak ada batas maksimal,-1
528,Sangat terbantu dengan aplikasi ini,Sangat terbantu dengan aplikasi ini,1
529,Mantab lah tokped,Mantab lah tokped,1
530,Sangat memuaskan,Sangat memuaskan,1
531,aplikasi yg sangat membantu,aplikasi yg sangat membantu,1
532,Sangat berguna. Karena aku lebih senang belanja daring daripada ke toko biasa.,Karena aku lebih senang belanja daring daripada ke toko biasa.,1
533,Gratis ongkir dulu 0 rupiah sekarang tetap ada biaya,Gratis ongkir dulu 0 rupiah sekarang tetap ada biaya,-1
534,"Notifikasi di ios terbaru terakumulasi, setelah app dibuka notifikasi hilang, tpi nnti muncul lagi malah bertambah jumlahnya kalau ad notif baru muncul","Notifikasi di ios terbaru terakumulasi, setelah app dibuka notifikasi hilang, tpi nnti muncul lagi malah bertambah jumlahnya kalau ad notif baru muncul",-1
535,Bagus dan mudah banget,Bagus dan mudah banget,1
536,Msih nyaman,Msih nyaman,1
537,"Setelah diupdate kenapa sering crash ya?terutama klo akses tokopedia now,begitu masuk ke kategori,lsg otomatis ketutup sendiri app nya.Mohon diperbaiki.Fyi,sy sdh pake ios plg update","Setelah diupdate kenapa sering crash ya?terutama klo akses tokopedia now,begitu masuk ke kategori,lsg otomatis ketutup sendiri app nya.Mohon diperbaiki.Fyi,sy sdh pake ios plg update",-1
538,Banyak promo gratis ongkir,Banyak promo gratis ongkir,1
