,review,sentiment
139,"Toko nya bagus-bagus, rekomendasinya ok-2ğŸ‘ğŸ»",1
141,"belanja online , tokopedia aja, ga ada barang yang dijual disini. semua nya ada thx tokopedia",1
143,Transaksi mudah. Free ongkir selalu ada.,1
144,Masa simpan history kartu kredit harus bayar 10rb,-1
145,"jumlah item harga tertinggi dan terendah nggak sama, dan kupon cashback dan free ongkir makin pelit, bagusan shoope dari Tokopedia sekarang ğŸ‘",-1
147,Selalu memudahkan ğŸ«°ğŸ»ğŸ«°ğŸ»,1
150,pakai tokped buat belaja mulai dr yg high end sampe perintilan. emang kadang sebel CS gak ada nomor tlpnya. tp semenjak sama Jack Ma kayaknya respon CSnyabmakin cepet nih. keep up,1
155,Udh terbantu bgttttt sm aplikasi ini buat org yg super mager ky gue hahaha...thx tokopedia,1
156,"Memudahkan untuk belanja online, mantap",1
157,"Namanya juga system suka ada saja error nya dan d benerkan jangan kasi masukan terus tp sering errornya d banding toko sebelah
Dan untuk komplain toko karna penipuan jangan terlalu susah, karna sy baru transaksi dengan TOKO penipu, semoga tidak ada lg yg kena tipu, belum d report tokonya karna ribed pilihannya.",-1
160,"Saat tanggal tua & ada kebutuhan untuk bayar tagihan pasca bayar terselamatkan dengan adanya promo diskon bayar tagihan,,, Lumayan dapat potongan 8k,,, Jadi tinggal bayar sisanya ğŸ˜ğŸ¤­,,,, Go coins juga bisa dipake lhooo,,, pernah bayar tagihan PDAM 93k dg GoCoins,,,tidak keluar duit sama sekaliii ğŸ˜Š Makasih banyak Tokped ğŸ‘ğŸ»ğŸ‘ŒğŸ»ğŸ˜˜",1
161,mantaf.. tapi bisa lebih besar nggak limitnyaâœŒï¸ğŸ˜…,1
163,Aplikasi mudah penggunaannya,1
164,Aku cinta marketplace Indonesia!,1
165,Selalu ada voucher sangat mantaaap,1
169,"Harusnya 5, karena ada biaya layanan seribu rupiah dan duaribu rupiah jadi 3 cukup yah. Bagusnya sperti dulu gada penambahan biaya. Makin kesini makin ke aplikasi orange",-1
170,Barang2nya lengkap dan memudahkan penjual dan pembeli langsung berinteraksi.,1
173,Lancar aplikasinya,1
176,Akhir2 ini kalau masuk kok selalu tidak ada internet,-1
177,Cashback promo dan bebas ongkir. Harga baik dibandingkan yg lain. Searching produk terasa tdk dibatasi utk mengambil pembanding harga.,1
179,Banyak metode bayarnya.,1
180,"Dear Tokopedia Pas selesai di update malah ga bisa kebuka Memory nya udah di kosongin, di uninstall, terus di reinstall tetap ga bisa kebuka Tolong bantuannya",-1
181,Terima kasih telah memudahkan,1
182,"Browsing produk-produk di App rasanya slow sekali, padahal ini iPad Mini 5, masih belum bisa dibilang terlalu tua lah hardwarenya. Please update and make it better!

Saya sudah matikan fitur-fitur semacam shake-shake & otomatis video berjalan, namun tetap sama.",-1
185,Makin banyak free kngkir nya sy makin betah. Terutama pelayanan cs nya,1
188,Banyak Cashbacknya,1
189,Banget,1
190,"Aplikasinya mantap dan tanpa ada kendala, mudah2an barang yg dipesan jg cepat",1
192,Secara umum sudah baik namun pada ios kadang button cartnya susah diklik,-1
193,Tokped tidak ramah bagi pembeli. Regulasi untuk pengembalian ramah menyulitkan pembeli. Komplain barang jg tidak digubris.,-1
194,Ramein guys. Aplikasi karya anak bangsa. Jangan mau dijajah sama orang luar cuma diiming-imingi promo.,1
195,Pokonya bintang lah yg berbicara,0
197,Memudahkan setiap transaksi,1
199,UwU nih bagus banget,1
200,"Aplikasi yang sangat membantu dan mencerminkan kemajuan teknologi yang sangat baik untuk membantu memudahkan aktivitas masyarakat masyarakat generasi millenial yang ingin semuanya serba instant, mantabb",1
202,Mudah diakses,1
203,banyak cashback,1
204,Lancar dan praktis aplikasi nya,1
205,Murah dan Meriah,1
206,"Mantab sangat membantu, online shop selalu paling di pakai diantara aplikasi yg lain",1
208,Isi emoney 100k pembayaran berhasil tapi gak terupdate,-1
209,Banyak diskonnya dongg buat belanja elektronik membantu sekali udah beberapa kali beli barang pake diskon atau Cashback di tokped ğŸ˜ğŸ‘ŒğŸ»,1
211,Alhamdulillah mantap,1
212,"Aplikasi andalan utk bayar tagihan, pulsa & beli barang impian",1
213,Sip. Semua barang ada.,1
214,Mudah transaksi ap pun yg kami butuh kanâ€¦ ğŸ™ğŸ»ğŸ™ğŸ»ğŸ™ğŸ»,1
223,Aplikasi di Hp lumayan bagus. Tapi di computer Tokped susah sekali. Sering error di Apple,-1
227,Sll Puas bgt,1
230,Bawang diterima sesuai denganpermintaan ...terimakasih.,1
231,Tolong di perbanyak merchant yg kualitas bagus,1
233,mantul,1
234,"dah sedikit paham cara pakainya, cuma perlu sering dilatih",1
237,"Selalu Banyak-Banyak Promo nya biar yg lain bengong.hehehehehehe
Salam Sukses Selalu TOPED",1
238,Sering-sering kasi kupon untuk top up dan tagihan yah,1
243,Sangat membantu saat waktu terdesak,1
244,Biaya Rp 500 per transaksi saja lebih dari cukup,1
246,Belum pernah mengecewakan,1
248,Brand online shop ter baik dan ter banyak hadiah cash back,1
249,Mudah! Tdk perlu ke ATM,1
250,Puas banget,1
251,Sampai saat ini good,1
253,banyak diskon & bebas ongkir tambah konek dgn gopay/pay later makin mantab,1
254,Puas,1
256,Sampai sejauh ini nyamanlah pake TopedğŸ‘ Hampir ga ada masalah! TQ,1
257,Lumayan puas dgn tokped tp semakin kesini banyak biaya tambahan,1
258,"Barang yg dijual bagus,dan terpecaya",1
259,Sesuai dengan harga sip barangnya,1
260,Barang bagus dan cepat sampai,1
261,Paling nyaman belanja di tokopedia bisa dapet gratis ongkir dan sekarang pilihnya salah satu aja cashback atau gratis ongkir,1
262,Segalanya ada di.... toko pe dia *bacanya jangan sambil nyanyi ya*,1
264,Masih ada sisa 4 gratis ongkir tp stiap check out ga bs dgunakan dgn alasan kendala pd gratis ongkir.,-1
266,Mudah bertransaksi dan aman.. banyak promonya..,1
267,Mantab,1
268,Pembayar bagus lancar,1
269,Mantaps,1
270,Mantap cepat,1
271,mantap bnyk cashback,1
272,Semua ada di jempol anda,1
273,Tokopedia membantu usaha online sayağŸ™ semoga semakin mempermudah para pelaku UMKM seperti sayağŸ˜,1
274,Murah apik,1
275,Simpel dan cepat ğŸ‘ Cuma saat memasukan alamat baru agak repot karena ada fitur lokasi sekarang agak susah input alamat secara manual dan lokasi yg terintegrasi dengan pin di google map (Jika pake aplikasi),0
276,Kalau barang yang sudah terjual atau barang yang tidak stocknya bisa dihapus dari search,1
277,Bagus sejauh ini belum ada kendala pakai tokopedia,1
279,Aplikasi ini sangat membantu untuk langsung komunikasi ke penjual nya...,1
280,Selalu belanja dan banyak puasnya,1
283,Banyak promo yang menarik,1
284,Ganti pengirim,0
285,Mudah prosesnya dan tokonya bisa dipercaya,1
286,Smoga tetap jaya selamanya,1
288,"Terpercaya, mudah, cepat dan gampang.",1
289,"walau tidak ada promo yang cendrung menipu, tokopedia memberikan harga pasti tanpa menipu seperti aplikasi yang lain. aplikasi lain sering adakan diskon, tidak tahunya harga setelah diskon sama saja dengan harga di tokopedia tanpa diskon. semoga tokopedia makin jaya.",1
291,Luar biasa murah,1
292,"semua terasa mudah ,yg jauh terasa dekat",1
294,Artinya bagus,1
296,Aplikasi bagus,1
298,Bayar toped pakai gopay gak pakai ribet,1
301,ğŸ‘ŒğŸ‘ğŸ‘ğŸ‘ Gratis ongkirnya ditambah dong,1
302,Barang sesuai deskripsi dan pengirimannya cepat,1
307,Belanja online terpecaya ya Tokopedia,1
308,Algoritma pencarian produk perlu diimprove lagi,-1
309,kembali,0
312,sudah beli beberapa kali dan selalu memuaskan trusted!,1
313,Semoga barang yg dikirim kualitas bagus (original philips) dan dibungkus tebal agar tidak cacat,1
314,Muantab..ğŸ‘,1
316,"Selain buat belanja, transaksi di tokped jg biasa aku gunain untuk bayar Cicilan. Fiturnya mudah, promonya juga jelas banget, entah itu Gratis ongkir ataupun cashback semuanya Real sesuai deskripsi. Gacuma heboh di iklan tapi ternyata waktu dipake banyak syaratnya, pokonya transaksi di tokped nyaman dan fun bgt!!â­ï¸â­ï¸â­ï¸â­ï¸â­ï¸",1
317,Mudah & nyaman,1
318,Suka banget transaksi di tokped,1
324,Mantabbbb,1
325,Gak ada yang lebih bagus dari Tokopedia pokoknya ! ğŸ™Œ,1
326,Ok lah,1
327,Aplikasi sangat berguna buat mencari barang kesayangan,1
330,Aplikasinya bagus. Bikin belanja cukup dari gadget saja,1
331,Kentul keren betul,1
332,Mantap. Pembeli jelas belajar dari pengalaman pembelibsebelumnua.tranksaksi aman,1
334,ngga perlu pakai waktu lama untuk bertransaksi..,1
336,Udah gitu aja,0
341,PuasğŸ™Œ,1
344,Mudah sekali penggunaan aplikasinya,1
349,pencarian barangnya banyak pilihan,1
350,"Beberap Seller sering batal jual karena barang tidak ada, padahal chat sebelum beli bilangnya teraedia",-1
352,Sangat membantu sekali dan aplikasinya sangat user friendly,1
353,Gak ribet penuh dengan segala informasi.,1
355,"Dalam hitungan 1-3 detik udah nyampe pulsanya, Alhamdulilah tokped luar biasa",1
356,"Mau belanja online atau pun bayar tagihan atau cuma buat compare harga, selalu handal, bukan handal jepit ya",1
358,Pembayaran pakai OVO rada ribet tapi akhirnya bisa. Krn OVO tidak termasuk pembayaran pilihan.,0
359,suka banyak diskon wkwk,1
362,"Pembayaran Angsuran Kredit motor lebih mudah, tidak perlu antri2 lg. Trimksh Tokopedia",1
363,Slalu puas belanja di sini,1
364,Sejauh ini toped adalah online shopping terbaik bagi saya,1
368,Mudah pakainya dan bisa mixed pembayaran...ğŸ‘ğŸ¼,1
370,"Seamless transaction, cepet, reliable. Mohon awasi juga peredaran barang palsu/KW/counterfeit.",1
372,Gak perlu pusing nyari2 belanjaan dan keluar rumah..langsung di antar ke depan pintu dalam waktu beberapa jam..transaksi mudah hanya lewat transfer mobile banking..mantap ğŸ‘,1
373,Tolong terapkan KPI untuk personil tokopedia care berbasis time saat menjawab pertanyaan pelanggan agar tidak suka-suka oknum tuk menjawab atau tidak. Sukses terus Tokopedia ğŸ‘ğŸ‘ğŸ™,1
376,luar biasa,1
377,Sangat membantu bisnisku sbg penjual. sangat membantu sbg pembeli dan tolong makin dibanyakin lagi promo ke gopoints nya,1
378,Bnyak promoâ€¦jrng dipake bonus menumpuk,1
379,Ga ada yg ngalahin deh klo jual beli,1
380,"Harga Produk sangat bersaing (termasuk salah Satu Aplikasi Online yg termurah), Variasi Barang sangat banyak dan Beragam serta Fitur Pencarian sangat mudah, Banyak Program Diskon dan Voucher setiap Bulannya, Fasilitas Pembayaran juga beragam dan bisa memakai Dana yg didapat (Ovocash, Ovopoint, Gopay, Gocoin)..., dan Fasilitas Pengiriman bermacam-macam !... Ada Free Ongkos Kirim juga... Pokoknya merupakan Program Toko Online paling Favorit saat ini !!!... ğŸ‘ğŸ»ğŸ‘ğŸ»ğŸ‘ğŸ»â­ï¸â­ï¸â­ï¸â­ï¸â­ï¸",1
381,Terbaik,1
382,"Niat hati pengen dapet best price beli HP untuk hafiah natal eh dapet voucher cashback gopay coin 12.12, tapi sayang itu tipu tipu, setelah selesai transaksi berhasil, cashback tidak masuk, penipuan, cs kurang responsif dan ga ada jalan keluar. Saya daftar pake akun saya sendiri sendang saya dituduh akun saya sama dengan kakak saya. Woi beda KTP woiiii. Beda HP pulaa!!!! Beda KSK juga!!!! Beda Rumah Pulaaaaa!!!!",-1
384,"Ga jelas, bikin emosi, baru pertama belanja di tokped, dibilang pake promo buat dua akun, dibilang manipulasi, padahal genting bgt pesenannya. Kecewa polll ga akan lagi lagi pesen di tokped udh bener di oren aja. Malem malem bikin darting, mana csnya lemot, udh chat jauh katanya mau dicek malah ngulang lagi ke format awal wes mboh",-1
386,"Mudah cepet.,,membantu penghasilan tambahan",1
387,Ok Mantab,1
389,Mantap. Customer service selalu memberi yg terbaik dibanding online yg lain,1
390,Nu sae na ti pusat,-1
393,Sangat membantu,1
395,banyak cashbacknya,1
396,"Lancar, sukses, dan selalu aman",1
398,Hebat,1
399,Puas banget dengan layanan tokopedia,1
403,"Pajaknya naek terus, turunin pajaknya donk buat seller ama pembeli.. biar lebih nyaman..",-1
404,Murah dan flexibel,1
406,Tokopedia makin Mantap,1
409,mantap banyak promo,1
410,Praktis namun kadangkala utk up date bbrp kali susah,-1
411,Puas sekali dengan layanan klaim garansiâ€¦musah dan cepat.,1
412,terus ditingkatkan ok brother,1
413,Alhamdulillah nambah penghasilan terimakasih tokopedia,1
416,Selalu jadi aplikasi utama,1
417,Indonesia mesti harus lebih maju terus,1
422,Pembayaran di tokped super sat set!,1
424,Makin mahal aja sekarang biaya tambahan nya setelah gabung gojek,-1
426,Toko Pedia emang top!,1
427,Terima kasih,1
428,Yuksss belanja di Topedw,1
429,Merasa nyaman menggunakan fitur bayar BPJS lwt Tokopedia. Terima kasih.,1
431,Tokped ini kenapa diskon ongkirnya jadi pelit begini huhu :(,-1
432,Aplikasi stuck di iPhone 6S plus saat masuk. iOS 13.1.3. Tolong di update. Thanks,-1
433,Mudah pemakaian aplikasi,1
435,mantap total,1
437,makasih toko pedia,1
439,"Puas pake gopay, mudah dan cepat. Gak pake repot. Pokoknya mantab pake gopay",1
442,Baik sekali,1
443,Pokoknya tokopedia paling kantep dibandi market place lainnya,1
444,Sudut meja,0
445,Suka banget belanja ditokopedia Terpercayaaa,1
448,Agar semua belanja free ongkir tanpa syarat,-1
449,Rencana mau beli babi ngepet malah beli laptop ya udah deh,1
450,Tokped adalah online store dengan ui simple dan mudah digunakan.,1
451,mantab,1
456,Terlalu banyak biaya,-1
457,aplikasi yg simple dan cepat akurat untuk berbelanja,1
461,Manteb manteb,1
463,"Tokopedia sekarang bukan yang dulu lagi, sejak ada kurir rekomendasi pengiriman semakin lama & ngawur, yang dulu antar jawa 2 hari max 3 hari sekarang sering lebih dari 4 hari, semakin gak masuk akal. Apalagi kurir anteraja yang jelas jelas busuk dari dulu masih dipakai",-1
467,Sayang TokPed masih sering lambat loading semoga bisa di perbaiki yan,-1
472,Dari semua online marketplace.. tokped yg paling terpercaya..Dari semua paling nyaman dan merasa secure belanja di Tokped..,1
473,Mudah mudahan amanah trs,1
475,Mantap betul,1
476,Kl ada masalah Tokped bisa jadi penengah antara seller dan Butet ga kaya toko oren,1
477,Sangat memudahkan customer untuk memenuhi kebutuhan apapun itu.. Terima kasih!,1
479,Proses menjadi lebih cepat dan mudah,1
480,Mantap bro,1
481,Manteb,1
482,lebih simple dalam berbelanja,1
483,Bisa dipercaya menjaga pembayaran kita Uang kembali kalau penjual tidak mengirim barangnya.. Terima kasih ya tokopedia Sukses tambah sukses..,1
484,Tokopedia terbaik di Indonesia! Follow Now Stationery untuk keperluan alat tulis kantor dan kebutuhan sekolah putra putri anda.,1
486,"Sangat lemot, isi saldo e tol kadang hang padahal lagi darurat. Lalu chat kalau ga ada sinyal ga kekirim , harusnya otomatis terkirim begitu ada koneksi sinyal, sering hang halaman toped, parah dehhh",-1
489,Kurang promo,-1
491,App terbaik,1
492,lapak terpercaya,1
494,Sangat membantu dlm berbagai hal,1
495,"Sekarang kalo pakai voucher cashback, hak bisa free ongkir. Sayang sekali",-1
496,"Semua transksaksi berjalan lancar, aman dan sangat membantu pengguna",1
498,Jual beli jd gampang,1
499,"Semakin baik, semoga tokped semakin baik untuk customer dan toko",1
500,Ongkirnya lebih hemat,1
501,Pelayanan mudah dan cepat .. Pokok ee Mantap,1
506,"Penggunaan mudah, opsi pembayaran lengkap, transaksi aman. Kurang apalagi coba",1
507,Aplikasinya sangat memudahkan.,1
508,Aplikasi nya mudah digunakan,1
509,Sangat mudah benar2 mudah,1
510,Proses Mudah dan cepat,1
511,sudah ga recomended,-1
512,Selalu beli pulsa dan pembayaran lewat tokped dan selalu dapet cashback. Thanks,1
513,"Aplikasi yang sangat membantu sekali.. semakin mudah untuk pengaplikasiannya,, ğŸ‘ğŸ»ğŸ‘ğŸ»ğŸ‘ğŸ»ğŸ‘ğŸ»",1
514,"Sangat puas dg layanan tokopedia , sangat membantu buat yg selalu tinggal di rumah",1
515,mantap banget ye kan,1
516,Titik lokasi (pada menu alamat) meleset dari alamat sebenarnya. Driver yg mengirim menggunakan titik lokasi jadi kebingungan.,-1
517,Semoga Tokped selalu menjaga kualitasnya,1
518,Sangat membantu dan simple,1
519,Layoutnya jgn berlebihan,-1
521,banyak barang dan lengkap,1
523,"Good, sangat membantu, promonya berkurang skrg, tambahin lg promonya, ngandelin promo kecil kecilan ğŸ˜",-1
525,olshop yg saya pakai sejak awal belanja online hingga kini.. tidak pernah mengecewakan,1
526,Membantu bangat buat belanja apa saja. Sangat rekomendasi buat pengguna baru ğŸ‘ğŸ‘ğŸ‘,1
527,Aplikasi yang sangat membantu dalam jual beli. Top,1
530,Aplikasi yang bermanfaat dan oke.,1
533,"Apapun yg mau dibeli semua bisa di tokped...gak perlu ribet kemana mana, tinggal klik2 aja dpt apa yg dicari...bayar apapun juga melalui tokped.. Aplikasi gampang buat user... Makanya saya sebut Juara belanja Online",1
536,"Saya lelah dg banyaknya seller yg tidak bertanggung jawab dan sptnya tidak ada langkah perbaikan dan pembinaan thd seller dr pihak Tokopedia.

Melakukan kesalahan adalah hal yg wajar dan bisa dimaklumi, namun klu semua kesalahan cukup diselesaikan hanya dg permintaan maaf, seller tidak akan pernah menjadi lebih baik dan berhati2 di kemudian hari.
Ujung2nya, yg tersisa hanya kekecewaan dan rasa dongkol di hati pelanggan.",-1
537,membantu cari barang impian udh langganan silver,1
538,Pembayaran mudah dan aman.,1
540,Selalu menyenangkan berbelanja di Tokopedia,1
541,Senang sekali bisa mengunakan tokopedia versi terbaru ini,1
542,Selalu senantiasa siap memenuhi kebutuhan rumah tangga,1
543,Mudah aksesnya sangat merekomendasi untuk pengguna yang males belanja keluar,1
544,Semua mudah semua bisa semua ada,1
545,Bintang 4 soalnya saya kena block gabisa pake voucher lg,-1
546,Kualitas pelayanan yg sdh bagus agar dipertahankan dan ditingkatkan.,1
547,Pokoknya selama pandemi ini semua kebutuhan bs dibeli di toped . Makyus pokoknya,1
548,"Sudah lama menggunakan tokopedia semenjak awal launching. Sangat puas, dan dalam pusat penyelesaian selalu diselesaikan dengan adil. Review dari pembeli yang sesuai dengan bukti dan kenyataan, kalau tokonya servicenya jelek ya siap2 ga bakalan laku jual di toped",1
549,Pengiriman sangat cepat !! Kuerennn,1
550,Keren deh pokoknya,1
552,Recommended.. All u can do at here.. Tolong untuk pembayaran Samsatnya diperbanyak kerjasamanya.. khususnya utk wilayah Kaltim dan KalselğŸ™,1
554,mudah dan menyenangkan,1
555,"Selalu senang belanja di tokped, pengiriman cepat & dpt cashbacknya lebih sedikit huhu",-1
556,Transfer ke rekening kita sendiri di Tokopedia tanpa biaya alias gratis dan cepat banget prosesnya. Uang langsung masuk ke rekening.,1
559,"Terpercaya, banyakin diskonya",1
562,Lebih mudah pakai aplikasi ini karena sudah terbiasa,1
563,"Respon cepat, toped sering free ongkir, makin suka belanja deh, trims ya:)â€¦",1
566,"time flies, biaya terus",1
567,Kasih bintang 4 dulu,1
571,Senang berbelanja di Tokped.,1
573,"Tokopedia sangat membantu untuk urusan belanja online. Mudah, banyak diskon, terpercaya.",1
574,aplikasi keren,1
575,Vendor dpt dipercaya produk dan pelayanannya.,1
577,Cukup puas selama menggunaka tokopedia dan 80% belanja online di tokopedia daripada apps lain,1
579,Memuaskan,1
580,Barang lengkap dan harga menarik,1
581,"Better ini sih, promonya ada terus di banding oren",1
582,Mudah dan cepat thanks,1
583,Lancar banget,1
584,gak pernah mengecewakan belanja disini,1
589,"Belanja jauh lebih mudah, nyaman dan tidak ribet, bagus sekali",1
591,"Seneng belanja di toped,bisa bayar pakai paylater, gratis ongkir lagi.. kurang baik apa coba nih aplikasi?? Yuk download",1
592,"Barang apa aja kayanya ada ditokopedia, harga juga banyak yg lebih murah drpd harga ditoko2 sebelah, apalagi dng adanya program bebas ongkir. mdh2an tetep mempertahankan prestasi ini. Tokopedia emang TOP..!!",1
595,"Asyek Dapat promo,,, sering2 adakan promo yaw ğŸ¥°ğŸ˜‡ğŸ™",1
597,Bagus banyak membantu,1
598,Suka dgn tokopedia bnyk barang bagus dan berkualitas,1
599,Cepat dan terpercaya,1
600,Mantapâ€¦ tidak ada kendalaâ€¦ğŸ˜€,1
601,"Mudah penggunaannya, engga ribed di mata, respon juga kilat.",1
603,Tiap Checkout kena biaya layanan... Kalauu truz2 an lumayaan jugaa tuu...,-1
604,Lebih bagus lgi penambahan fitur chat live. Sehingga mengetahui pelapak yg online bisa cepat dalam balas pesan,0
605,Wah isi eMoney begitu gampang dan dapat cash back lagi. Memang top deh Toped dan OVOnya. ğŸ‘ğŸ‘ğŸ‘,1
608,Memudahkan untuk transaksi,1
610,Aplikasi cukup bagus dan oke.,1
611,Serba ada dan dapat dicicil,1
613,"Tokoped sdh baik dan terpercaya, mohon jaga dan tingkatkan terus kualitasnya, tambahkan dg toko dan produk yg semakin kreatif serta berkualitas.",1
617,"suka banget sama aplikasi ini, sering dapet promo pulakğŸ˜†",1
619,Apps yg bagus dan sangat berguna buat kebutuhan sehari2... thanks,1
620,sudah tidak bisa gratis ongkir otomatis. harus pkai voucher,-1
623,Penjualnya omong kosong,-1
624,sangat membantu dan kereen.. alhamdulilah... dapat bonus banyakğŸ™ğŸ™,1
625,Pelayanan topedia sngat ok,1
627,Tokopedia membuat hidup lebih mudah,1
628,banyak nanya rating lu kaya programmer baru lulus,-1
629,Selalu puas belanja di Tokopedia,1
630,Paketannya Rapi,1
631,Aplikasi yg sangat memuaskan,1
632,Sementara bermanfaat. Terima kasih,1
633,Apalagi saat pandemi seperti sekarang,1
634,"Belanja primer, sekunder dan tersier selalu nyaman di Toped ğŸ‘ŒğŸ»",1
636,"Gratis ongkirnya gak ada, tambah jasa aplikasi lah trus jasa layanan apalah itu.",-1
637,Apk membantu banget!,1
639,Suka,1
641,Sekarang biaya layanan aplikasi menjadi Rp 2rb,0
643,sampai saat ini belum pernah nemu kendala semoga seterusnya seperti ini,1
644,"Banyak cashback dan ongkir gratis, jadi suka banget belanja disini",1
645,Sangat tau kebutuhan,1
646,Ok banget,1
647,"Aplikasi yang sangat membantu, semakin dipermudah",1
651,bagus dan sangat memudahkan dalam belanja,1
652,Tidak ada pilihan login dengan akun google,0
653,"Pelayanan cepat dan memuaskan, sangat recommended",1
654,Makasih tokopedia,1
656,Memudahkan sekali,1
657,"Aplikasi keren, berguna banget",1
660,Proses cepat dan murah terbaik,1
662,Mempermudah segala urusanku,1
664,Biaya admin naik terus.,-1
665,"No. 1 shoping online, Safe and helpfull application.. thank you so much Perlu diperbaiki pembayaran masih sering mengalami kendala",-1
666,"Puas banget belanja di tokped, pencarian mudah dan moda pembayaran banyak",1
667,Banyak gratis ongkirnya,1
668,"Marketplace yang lengkap, menyenangkan dan aman..",1
669,"Saya sudah Diamond member TOKOPEDIA.. Saran saya selalu belanja di TOKOPEDIA ! Bebas masalah di Tokopedia.. Sy kena masalah di tokosebelah.. merchant penipu dibelain, Jual barang tidak sesuai description.. Komplain malah seller dibelain, jd korban deh... ga ada waktu buat lapor ribet banget.. Kita mau belanja tenang.. aman.. ya di Tokopedia.. Lancar dan cepat speednya.. sudah saya banding2kan dan yg penting aman.. Tokopedia paling mantul ..ğŸ‘ğŸ‘ğŸ‘",1
670,Terima kasih sudah banyak membantu saya belanja selama masa PSBB,1
671,"Harga sesuai dan terjamin aman sih, pengalaman gapeenah telat kirim2 paket",1
673,Tak Pernah berpaling dari tokopedia,1
674,"Apps ini memiliki fitur lengkap, mudah dimengerti dan tersambung dengan apps kurir lainnya yg membantu pembeli dan penjual.",1
675,"Mudah, cepat dan Aman",1
676,"Pemesan, pembayaran, pengiriman semua serba mudah",1
681,"Apps bagoes, aman bila ada masalah komplain sebagai pembeli ataupun penjual. Kurang puas promonya mesti dicermati kadang malah bayar lebih, seperti yg dipaksa daftar cicilan untuk dapat discount dihitung malah boncos mending ga pakai promonya.",-1
683,Banyak bonusnya utk bayar tagihan bulanan,1
684,Semoga tokopedia pelayanannya lebih baik lagi,1
685,Aplikasi yg menarik dan bagus....perlu dipertahankan bahkan di tingkatkan,1
686,"Pajaknya 1% lebih dari total harga, agak memberatkan",-1
687,Baguslah pokoknya liat aja daftar belanja sy. Hrsnya sy dikasih merchsndise,1
688,sangat bermanfaat,1
690,Semenjak gabung GOTO bikin saham IPO tokopedia gak jelas banget kasih naikin harga segala udah kena tarif jadi kangen jaman dulu masih banyak bebas ongkir dapat cashback terus gak kena biaya jasa apalah itu. Mending pisah perusahaan aja lah berdiri sendiri daripada gabung malah jadi nyusahin gini skrg,-1
691,"banyak keuntungan belanja di tokopedia seperti cash back, tracking belanjanya bisa di cek mulai dari transfer sampai ke pembeli.",1
692,Tokopedia banyak pilihan reliable,1
693,belanja sangat dimudahkan ğŸ‘,1
694,Mudah n simple,1
696,"Fitur2 nya OK dan memuaskan, thankyou Tokopedia",1
698,"Proses prosedur pembelian yg jelas, app yg mudah dipakai",1
699,Udah lah bagus banget,1
702,"Terus terus an minta pin sambil gak bisa swipe right. Maksa banget harus buat PIN. Maksanya OK, cm jelek nya gak ada swipe right.",-1
704,Aplikasi ngga ribet. Tahapan proses jelas Aman terpercaya. Ngga khawatir kalo beli barang,1
705,Mudah dan banyak bonus,1
707,Selalu yg terbaik,1
709,Fitur & layanan yg lengkap. So helpful,1
710,Selama ini lancar jaya...,1
712,Asyik banget pakai tokopedia,1
713,"Tokopedia favoritku sejak dulu. Harga ok, layanan ok. Top",1
714,Sebenarnya klo mau pake jasa expres same day suka banget sm aplikasi ini. Hanya saja untuk mencari barangnya agak kurang variasi dan harga.,-1
715,Sangat membantu untuk E-Money,1
717,promo jarang kepakeğŸ˜…,-1
718,Sangat bagus dan bermanfaat,1
719,"Agak bingung sih,, tapi di coba aja",1
721,terbaik se-Indonesia ğŸ‘,1
722,Cepat dan gampang,1
723,Aku sih penganut gojek tokped garis keras ğŸ™,1
724,Tokopedia Proses Mudah dan Cepat,1
725,Mudah dan cepat,1
726,bagus samgat membantu,1
727,Semakin baik dalam banyak hal,1
728,Sangat membantu untuk proses belanja dan pembayaran tagihan bulanan. Terimakasih tokopedia!!,1
730,Aplikasi andalan,1
731,Banyak pilihan dan selalu ada. Memberikan yang termurah. Sangat memuaskan. Thx TOPED,1
732,Urusan aman dan terpercaya,1
733,"Dulu suka sama tokped karena gak ada fee ina itu. Tapi makin ke sini, tiba tiba makin banyak fee tambahan, dan bahkan gratis ongkir somehow kadang gak ada. Jadi belanja mahal di biaya ina itunya.",-1
734,Gak pernah kecewa belanja dsini,1
736,belanja olshop via tokopedia menurut saya sangat aman dan nyaman. tapi kita sebagai buyer juga harus smart dalam memilih produk. sukses selalu tokopedia!,1
738,"Mau apa aja , ada",1
740,Terbaiklah pokona mah ğŸ‘ğŸ‘ğŸ‘ğŸ‘ğŸ‘,1
741,"Service charge pembayaran dengan gopay sekarang semakin mahal, 2000 per transaksi. Naik terus naik terus ğŸ˜©",-1
743,Kebetulan dapet dr Bandung sesuai kebutuhan ğŸ˜ƒğŸ˜ƒğŸ˜ƒ,0
744,"Packing rapi, pengiriman cepat, barang ok",1
745,Aplikasi yg sangat bagus belanja bikin senang harga terjangkauğŸ‘ğŸ‘ğŸ‘,1
746,Mgkin karna aku biasa pke shop** yg ini agak belibet cuman oke aja sih,-1
748,Terbaikkkkk,1
749,"Transaksi lancar. Cepat , mudah",1
750,Semoga semakin sering cashback nya ğŸ˜†,1
753,"Very convinient, beli apa aja ada dgn harga dan kualitas yg bagus ğŸ˜ğŸ˜",1
754,Sejauh ini aman aman aja ga ada kesalahan dan belum pernah complain :) thanks tokped,1
755,"Seakrang cash backnya dikit Biaya admin mihil Hiks
Ada biaya aplikasi juga ğŸ¥²",-1
757,Sangat aman dan mudah bertransaksi di tokopedia,1
760,"Thank you Tokopedia untuk segala kemudahannya, keep up the good work!",1
761,"Pelayanan tokopedia sangat bagus, banyak promonya juga",1
763,Cepat dan akurat,1
768,"Sangat Mudah, Cepat, Profesional Penanganan Komplain : ğŸ‘ğŸ»ğŸ‘ğŸ»ğŸ‘ğŸ»ğŸ‘ğŸ»ğŸ‘ğŸ»",1
769,"Mudah digunakan, respon cepat, and cepat dalam memuat. Sebenarnya pop-up klaim voucher sedikit mengganggu",-1
772,Super ğŸ‘ğŸ½,1
773,buka app cepat,1
774,Selalu pakai tokped kl belanja online krn banyak seller yg terpercaya wlw masih ada bbrp jg yg lolos verifikasi pdhal lokasi penjual nya ga bener/ga sesuai,-1
775,"Paling lancar, pilihan banyak banget, aplikasi sangat enak dipakai, website nya juga enak dipakai, cara pembayaran buanyak! Jarang ke toko lain. Best!",1
777,Tokped mantab,1
781,Sangat membantu dalam berbelanja,1
782,UI Appnya cantik untuk ipad 5 mini ğŸ‘,1
783,"Sukses terus, sejauh ini suka dgn tokopedia krna promo ongkir/cashback tdk dgn pembayaran tertentu, semoga terus begitu ya biar berkah ğŸ‘ğŸ»",1
784,"barang bagus, sesuai dengan pesanan",1
785,Sesuai,1
786,"Dari semua Ecomm menurut gue Tokped yg paling lengkap dan bagus kurasi nya utk local brand.. selain itu opsi pengiriman nya juga jelas dan simple

downside nya Tokped adalah CS nya pake robot jd suka muter2 jawabannya",0
787,"Tampilan apps bikin pusing, ngga user friendly, lebih simple pake apps sebelah",-1
788,Luar biasa banyak wejangan2 yang ciamik ğŸ™,1
792,"Biaya transaksi naik 3.000, bebas ongkir ga ada dan promo dipersulit. Tokopedia plus juga rugi. Tolong itu ga usah MARKETING sewa artis korea, dananya untuk PROMO PENGGUNA LAMA aja. Jgn kebanyakan dana marketing tapi pengguna lama ga diperhatikan.ğŸ‘ğŸ‘ğŸ‘ğŸ‘ğŸ‘perbanyak promo cashback!!! Berulang kali minta bintangâ€¦. â­ï¸",-1
793,Sofar membantu dalam setiap keperluan baik urgential atau keperluan lainnya,1
794,Transaksi rekber yg bisa diandalkan. Salut buat pengiriman gratis dari gosend ğŸ‘ŒğŸ‘ŒğŸ‘Œ,1
795,"Lepas aja saham sama goto cuma beban doang, dr dulu tokped udah berjaya sendiri",-1
796,Anjayy slebeww,0
798,Lebih praktis karena bisa dari rumah,1
800,"Rapi, nyaman, gak ribet, perform aplikasi mantap",1
801,Diskonnya jelas tidak muter-muter,1
802,"Terpercaya, gampang pembayarannya, banyak jenis barang & jasanya",1
803,Bagus pokoknya,1
805,Mudah dan aman dalam bertransaksi,1
807,"Platform belanja online paling didepan, banyak keuntungan : toko point, gratis ongkir Terus tingkatkan fasilitasnya dan manjakan user supaya user semakin nyaman .. SUKSES BUAT TOKPEDğŸ‘ğŸ‘",1
809,"Banyak pilihan reseller, banyak promo, banyak cashback",1
810,Super,1
811,Harus dijunjung tinggi,1
812,Tapi Klo Bisa harganya murce dikit ding Kyk toko sebelah â˜ºï¸,0
813,Pastinya!,0
814,Mantap bestttt,1
816,"Bebas ongkir, ada cashback, jadi bisa dapat harga super murah",1
817,Aman dan nyaman dlm bertransaksi di tokopedia,1
819,Mantap jaya! Tokopedia makin banyak fitur & pilihan,1
822,"Aplikasi merchant online paling gampang, paling keren dan paling memudahkan kehidupan modern",1
824,keren sangat membantu terima kasih Tokped,1
825,Sangat lemot pada saat pembayaran,-1
826,Belanja hemat & memuaskan ya di Tokopedia...,1
827,Cara mudah belanja online dengan reputasi yang baik....,1
828,"Kalo dulu bisa pilih promo sebanyak 2 kupon. Sekarang cuma satu,disuruh milih gratis ongkir atau cashback coin. Lama-lama ilang dah promonya",-1
829,Mantap lah,1
830,Keren pokoknya. Beda sama si orenğŸ«£,1
831,cocok banget buat kebutuhan akan beol,1
832,"Aman, cepat dan tanggap",1
833,Filter sewaktu cari barang sangat baik. Jg bisa lgsg pilih alamat pengiriman sewaktu cari barang biar bisa lgsg tau ongkirnya berapa. Toped semakin improve & user friendly dibanding apps belanja lainnya,1
834,Mantap betulll,1
837,"Paket belum di terima tapi di aplikasi paket sudah di terima, sudah bertanya ke keluarga dan tetangga mereka pun belum melihat kurir yang bersangkutan, kurir di hubungi sama sekali ga ngerespon. Ga ada solusi dari reseller dan penanganannya butuh berhari-hari dalam pengembalian dana.",-1
841,"Sangat memuaskan, salam MRC â€œMutiara RentCarâ€ rental mobil yg berlokasi diciputat 081282122008",1
842,Memudahkan pembayaran,1
844,aplikasi nya bagus dan mudah digunakan,1
845,Belanja cepat dan mudah,1
851,Suka dengan sistem TokoPedia yang komunikatif serta membuat pengguna aplikasi aman dan nyaman Keep up the goodwork ğŸ‘ğŸ»,1
853,"Promonya downgrade cuy, toped jadi ga asik",-1
854,Mantep udah 5 tahun pake,1
855,Sesuai apa yg di jual selama saya belanja terimakasih,1
856,Terfasilitasi dengan baik. Nice!,1
858,Semoga aplikasi semakin ringan di ponsel keluaran lama ğŸ‘ğŸ»,0
859,"Belanja di Tokopedia sangat menyenangkan, ecommerch terbaik favorit keluarga, Selalu puas belanja di Tokopedia, seller sudah pasti jelas bukan abal2, harga lebih terjangkau dan terlengkap ğŸ‘ğŸ‘ğŸ‘ğŸ‘ğŸ‘ğŸ‘",1
860,"Udh merugikan seller dengan biaya toped, kupon gabisa double sm free ongkir, ada biaya layanan lg. Pindah ke blibli yg lagi bagus2nua",-1
862,"Ada jasa aplikasi yg awalnya tdk ada, rp 2000 trus naik rp 3000",-1
868,Makin banyak Promo dan cash back ya,1
871,Tepat waktu,1
873,Good job tokopedia teruslah berkarya dan tingkatkan kualitas pelayanan. Bless you,1
874,"Proses pembelian sangat mudah , pilihan lapak yang banyak dan semua kebutuhan / barang yang kita inginkan, semuanya tersedia disini.",1
877,Puas banget proses nya mudah tidak ribet,1
878,Aplikasi mudah digunakan dan banyak promo menarik ğŸ‘,1
879,Solusi jelek banget dan memaksağŸ‘ğŸ‘ğŸ‘ğŸ‘ğŸ‘,-1
881,"Kebanyakan pembeli mengeluhkan dengan biaya administrasinya yang tinggi, terutama dengan adanya biaya aplikasi sebesar 2000",-1
882,Singkat Jelas Cepat dan praktis,1
883,Proses mudah,1
885,"Paling percaya dan yakin sama tokopedia , selalu bisa membantu sya jika ada masalah dengan penjual. Terima kasih tokopedia",1
886,Selalu ngehang app-nya saat mau ubah produk.,-1
887,"Maksa bgt byr pake gopay ğŸ¤£ kalo ga pake gopay kena lg biaya layanan. Masa mau checkout 1 pesanan aja hrs kena 2 biaya. Ga besar sih nominalnya, tp lama2 jadi males belanja di tokped ğŸ¤",-1
889,Aplikasi top banget,1
891,Bayar BPJS Kesehatan,1
892,"udah langganan pake tokopedia untuk bayar bpjs, tv kabel, paket data sampe pulsa. cashback nya menarik bisa buat tambahan diskon .. Asyiiik! ^~^",1
893,Guampang banget mudah di gunakan ga ribet pelacakan pesanan jga enak banget apalaginyg instant bisa live di banding satunya hehheheh,1
896,"One stop online shopping, tingkatkan terus performa & inovasi utk pelanggan",1
897,sangat memuaskan,1
899,Terima kasih banyak,1
900,Belanja gak ribet lagi..semua ada,1
901,"Beberapa kali mengajukan komplain di Tokopedia tidak mendapatkan penanganan yang netral, lebih berpihak kepada seller dan upaya memberikan solusi kepada pembeli cenderung minim dan tidak ada fitur chat untuk diskusi interaktif",-1
904,"segalanya jadi lebih mudah, simple, dan aman. dari awal pake tokped, ngerasa safe banget karena proses transaksi aman gitu deh!!",1
905,Cukup bagus dan lancar pengirimannya,1
907,Sangat responsif dan ramah serta terpercaya dalam transaksi,1
908,Selama ini belanja di Tokped tidak mengecewakan dan sesuai dgn deskripsi toko,1
912,mantap banget gak mau ke olshop yang lain,1
914,Sangat memudahkan dan kualitas barang & layanan terjamin.,1
915,Pemakaian mudah,1
918,Barang,0
919,Puas Banget,1
920,Bagus Toped. Tidak pernah mengecewakan,1
921,"Make a better, masih bisa lebih baik lagi",1
923,Banyak biaya tambahannya. Selain itu oke.,-1
924,Cukup puas walaupun pernah di kecewakan,1
925,Mantap lah pokoknya,1
926,"Makin lebih aneh dari shopee. Kurir tertentu sudah dinonaktifkan kok malah tetap aja dipakek! ! Ambigu. Kalo di shopee, kurir sudah dinonaktifkan maka otomatis tidak akan ada pesanan yang dialihkan ke kurir tsb. Beda dgn tokopedia, yg tidak konsisten.",-1
928,Terima kasih Tokopedia,1
929,Saya sebagai penjual danmpembeli selalu menggunakan tokopedia. Transaksi aman,1
932,Lumayan membantu,1
934,Tingkatnya promo yg banyak terus amin,1
935,Waaahhh puas bangeeettt!!!,1
936,Penasaran mau coba,0
938,Pembayaran dengan OVO points sangat membantu,1
939,Pelayanan cepat,1
940,Pemesanan2 berlangsung aman dan baik. Penanganan complain juga sangat baik.,1
942,"Bru tau ada fee jasa aplikasi,sebelumnya gada",0
943,Mudah dan terpercaya,1
944,Baik,1
946,gw cari apa aja di tokped ada ğŸ‘,1
951,Top cari apa aja enak,1
955,Mantap!,1
956,Sy suka dengan aplikasi tokopedia baramg yg do tawarkan lengkap,1
957,Sangat membantu tinggkat pelayanan dan pengaman bagi customer,1
958,Metode pembayaran nya juara sih. Pake aja mudah dan cepat.,1
961,"Suka belanja di sini, aplikasi ok",1
964,Terimakasih program ini sangat membantuğŸ˜,1
965,"sangat mudah transaksi di toped, layout aplikasinya juga enak.

terpercaya so pasti.",1
967,Quick response dan kualitas barang sesuai foto,1
969,Selalu belanja dan bayar tagihan disini. Byk bonus nya ğŸ‘ğŸ‘,1
970,Sejak tahun 2019 saya pake aplikasi tokopedia aman dan nyaman,1
971,Simple dan Aman,1
973,"System operasional Tokopedia sangat efektif, dan The Best ğŸ‘ğŸ‘ğŸ‘ğŸ˜˜ğŸ˜˜ğŸ˜˜ Efficient mudah dipakai dan sangat adil. Thanks Tokopedia semakin Top di depan ğŸ™ğŸ™ğŸ™ğŸ‘ğŸ‘ğŸ‘ğŸ˜ğŸ˜ğŸ˜ Gak pakai aplikasi lain kecuali 1 saja Tokopedia ğŸ™ğŸ™ğŸ™",1
974,"Barang yang di beli semua sesuai display, kalaupun ada komplain, bisa respon dgn cepat oleh tokopedia sebagai penengah..ga salah sudah bertahun2 menjadi buyer disiniğŸ‘ğŸ»ğŸ‘ğŸ»top deh olshopnyaâ˜ºï¸ğŸ˜Š",1
975,Beli produk dari marketplace di tokopedia banyak varian dan lapak profesional,1
976,Suka dengan aplikasi ini tp kecewa naik harga jasa layanannya,-1
978,"pesanan sesuai, aplikasi yg memudahkan saya membeli segala keperluan",1
980,Banyak informasi baruuuu dari tokopedia,1
982,Keren sekali,1
983,App enakkkk mudah gak ribet,1
984,Pesanan tiba tepat wktu,1
987,Asiikk bgt belanja lake app tokopedia ğŸ‘ğŸ¼,1
988,Puas dengan sistim dan pelayanannya,1
989,"jual beli di tokopedia aman ,ngak pakai ribet deh",1
990,Aplikasi e-commerce yang sangat membantu kebutuhan saya dalam berbelanja...gud job,1
992,Cepat sekali jualah dsini.. thank tokped,1
994,Sangat memuaskan dan tidak mengecewakan. Terus berikan yang terbaik TokoPedia,1
996,Setiap beli online pasti pakai tokped,1
998,Toko pedia memang oyeee,1
999,toped ok bgt ada gratis ongkir lagi. terbantu bgt,1
1003,"Sangat membantu, memudahkan dalam pembelian sesuatu",1
1004,"Pertahankan kepraktisan, simpel cepat",1
1005,service yang memuaskan,1
1006,adakan paylaternya,0
1007,Terima kasih tokopedia,1
1008,Kalau bisa pembayaran melalui indomaret tidak ada batas maksimal,-1
1009,Sangat terbantu dengan aplikasi ini,1
1010,Mantab lah tokped,1
1011,Sangat memuaskan,1
1015,aplikasi yg sangat membantu,1
1016,Sangat berguna. Karena aku lebih senang belanja daring daripada ke toko biasa.,1
1018,Gratis ongkir dulu 0 rupiah sekarang tetap ada biaya,-1
1019,"Notifikasi di ios terbaru terakumulasi, setelah app dibuka notifikasi hilang, tpi nnti muncul lagi malah bertambah jumlahnya kalau ad notif baru muncul",-1
1020,Bagus dan mudah banget,1
1021,Msih nyaman,1
1023,"Setelah diupdate kenapa sering crash ya?terutama klo akses tokopedia now,begitu masuk ke kategori,lsg otomatis ketutup sendiri app nya.Mohon diperbaiki.Fyi,sy sdh pake ios plg update",-1
1025,Banyak promo gratis ongkir,1